-- phpMyAdmin SQL Dump
-- version 4.0.10.14
-- http://www.phpmyadmin.net
--
-- Host: localhost:3306
-- Generation Time: May 08, 2017 at 02:47 PM
-- Server version: 5.5.52-cll
-- PHP Version: 5.6.20

SET SQL_MODE = "NO_AUTO_VALUE_ON_ZERO";
SET time_zone = "+00:00";


/*!40101 SET @OLD_CHARACTER_SET_CLIENT=@@CHARACTER_SET_CLIENT */;
/*!40101 SET @OLD_CHARACTER_SET_RESULTS=@@CHARACTER_SET_RESULTS */;
/*!40101 SET @OLD_COLLATION_CONNECTION=@@COLLATION_CONNECTION */;
/*!40101 SET NAMES utf8 */;

--
-- Database: `ybmklsfy_krasen`
--

-- --------------------------------------------------------

--
-- Table structure for table `axis`
--

CREATE TABLE IF NOT EXISTS `axis` (
  `id` int(11) NOT NULL AUTO_INCREMENT,
  `bg_name` text NOT NULL,
  `en_name` text NOT NULL,
  `label` text NOT NULL,
  `bg_desc` text NOT NULL,
  `en_desc` text NOT NULL,
  PRIMARY KEY (`id`)
) ENGINE=InnoDB  DEFAULT CHARSET=utf8 AUTO_INCREMENT=6 ;

--
-- Dumping data for table `axis`
--

INSERT INTO `axis` (`id`, `bg_name`, `en_name`, `label`, `bg_desc`, `en_desc`) VALUES
(0, 'Устойчивост', 'Emotional Resilience', 'Resil', 'Колко бавно или бързо се възстановяваш от изпитания, сътресения или емоционално натоварване? Над 70% е показател за бързо възстановяване на емоционалната система; под 30% - възстановяваш се бавно и трудно. В единия край на измерението “Устойчивост” са хора, които са съкрушени от изпитанията  и затова те се възстановяват много, много бавно или въобще не се възстановяват, докато в другата крайност са хора, които преминават през изпитанията и продължават пътя на живота си или активно се борят по такъв начин, че бързо се възстановяват от напрежението. За да бъдат хората с различни показатели по измерението „Устойчивост” до голяма степен роля играе спецификата на някои функции в централната мозъчна дейност. Сигнали от челния дял на мозъка към amygdala и от amygdala към челния дял определят колко бързо мозъкът ще се възстанови от разстройващия опит. Устойчивостта зависи от по-активна лява половина на челния дял, докато липсата на устойчивост произтича от по-активна дясна половина на челния дял на мозъка. Количеството активация в лявата половина на усточивия тип хора може да достигне до три пъти в сравнение с това при неустойчивите хора като потиска дейността на amygdala, която дава обща първична преценка за застрашаващи или увреждащи преживявания. Така челният дял на мозъка може да успокои нервната стимулация, свързана с отрицателните емоции, да позволи на мозъка да планира и действа ефективно и целесъобразно без да се разсейва от тях. (Като пример за изключение може да се посочи едно извънредно силно травматично изживяване при смърт на дете или много значим и обичан близък; в тези случаи хората са силно обзети от чувството, че един човек от много голямо значение липсва месеци наред във физическия смисъл.) Причината човек да е раздразнителен, нацупен и груб е че не може да възстанови своето емоционално равновесие, което е белег за стила на Бавното въстановяване. Устойчивостта за дребни стресиращи събития е добър знак за Устойчивост и при големи проблеми. Има хора, които приемат с радост да преодоляват спънки, но могат да разчитат на себе си и в наистина спешни случаи – тяхната устойчивост би била една и съща при различните обстоятелства. Ако те се възстановяват бързо при малки спънки, те също така могат и да устояват пред лицето и на големите, и обратното - ако се вцепеняват или поглъщат от малките проблеми, те са склонни да рухнат и под натиска на големите. Не е необходимо непременно да съзнаваме изцяло колко бързо се възстановяваме, дори страничните последствия на проблемите да надхвърлят нащата поносимост на напрежение и като цяло общото ни настроение. Всяка една от крайностите може да има своите недостатъци. Изключително устойчивите хора  може да имат недостиг на мотивация  да предприемат истински предзвикателства, настройват се така че да вдигнат рамене и да махнат с ръка без да се разтревожат ни най-малко. И обратно - да се възстановяваш бавно може да те ограничи да продължиш напред, подтиква те да недоволстваш и да продължаваш да се обиждаш, когато вече всичко е приключило и е отминало. Крайният полюс на Бавното възстановяване е тази част от континуума, който е белязан от разтърсващ гняв, тежка мъка и терзания, много други негативни чувства след загуба, провал или други разстройващи събития. Ако се възстановяваш твърде бавно, така че и най-малките проблеми да те обезсърчават, може да настъпят периоди на паника или тревожност, депресия и други типове душевно страдание.', '(Resilience: How slowly or quickly you recover from adversity and from a stressful event? Anything above 70% suggests you are Slow to Recover. If you scored below 30%, you are Fast to Recover and thus quite resilient. At one end of the Resilience dimension are people who get so beaten down by adversity that they recover very, very slowly or not at all, while at the other extreme are people who either shrug off setbacks and continue on their life’s course or actively fight back, thus recovering quickly from adversity. Signals from the prefrontal cortex to the amygdala, and from the amygdala to the prefrontal cortex, determine how quickly the brain will recover from an upsetting experience. Resilience is marked by greater left versus right activation in the prefrontal cortex, while a lack of Resilience comes from higher right prefrontal activation. The amount of activation in the left prefrontal region of a Resilient person can be thirty times that in someone who is not Resilient. By damping down the amygdala, the prefrontal cortex is able to quiet signals associated with negative emotions, enabling the brain to plan and act effectively without being distracted by negative emotion. People at one extreme of this dimension are Fast to Recover from adversity; those at the other extreme are Slow to Recover, crippled by adversity. Resilience on the little things is therefore a good indicator of Resilience on bigger ones. While it is true that some people actually enjoy obsessing over small setbacks but can step up to the plate in a real emergency, their Resilience in each situation is likely to be the same: If they recover quickly from the little setbacks, they tend to be resilient in the face of big ones, and if they become paralyzed by or obsess over the little things, they tend to be laid low for a long time by the big things, too. (An exception would be something extremely traumatic, such as the death of a child; in that case, you are all too aware that you have remained a basket case for months and months.) We are not necessarily conscious of how rapidly we recover, even though the aftershocks of a setback affect our stress levels and mood. Either extreme of the dimension can trip you up. An extremely resilient person can lack the motivation to overcome challenges, accepting every setback with a metaphorical shrug and an attitude of “don’t worry, be happy.” In contrast, being Slow to Recover can prevent you from moving forward after a setback, causing you to continue to fume and obsess over something that is over and done with. Slow to Recover pole of the Resilience dimension is this part of the continuum which is marked by difficulty shaking off anger, sadness, or other negative emotion after a loss, hassle, setback, or other upsetting event. The reason you are snappish and grouchy and churlish is that you have not regained your emotional equilibrium, which is the mark of the Slow to Recover style. When your Resilience style is so Slow to Recover that the slightest setback tips you into another acute episode of panic or anxiety, it has become pathological.)'),
(1, 'Оптимизъм', 'Positive outlook', 'Posi', 'Колко дълго можеш да поддържаш положителни настроения? Над 70% означава, че имаш Много положителен възглед а живота. Под 30% - отнасяш се с недоверие и песимизъм, правиш негативни преценки на базата на неудовлетворени очаквания. Хората се различават драстично по това колко сполучливо разчитат невербалното поведение на другите при общуване. Социалната интуиция варира според континуум, според който разделителната линия между нормалното и абнормното е много спорна. Прозорливостта зависи от активността в определен невронен кръг, по-специално от две зони в мозъка. Едната зона е fusiform gyrus, част от зрителния дял в мозъка. Другата е amygdala, ключова при задействането на негативните емоции, противопоставянето или избягването на емоционално наситено общуване. Тези области се задействат, когато възприемаме лицата на другите и по-специално погледа и излъчването на очите, които предават важна информация  за емоционалното състояние. Недостигът на социална интуиция създава последствия, които най-общо могат да бъдат описани като неуспех да се схванат емоционалните очаквания, какво е приемливо и подходящо за другите, и се дължи на ниски нива на активация във fusiform gyrus и високи нива на активност в amygdala и обратно, високите нива на активност във fusiform gyrus и ниските или средни нива на активация в amygdala са предпоставка за повишена Социална интуиция. Ензимът оxytocin също има значителна роля при определяне на въздействието от страна на amygdala. Когато се инхалира oxytocin през носа,  прониква директно в мозъка и намалява активността на тази зона, успокоява и предизвиква чувство на заинтересованост. Отношенията на вярност, нежност и взаимна отдаденост зависят от наличието на повече рецептори на oxytocin, докато при безпомощните или отчуждените и незаинтересовани хора тези рецептори са значително по-малко. Свенливостта и ообщителността са важни при определянето на това къде спада всеки според  това измерение. Има хора, които предпочитат да взаимодействат повече чрез машини и електронни медии, отколкото директно с други хора – тези хора по-скоро спадат към едната крайност на Обърканите. Изключително нечувствителната невъзприемчивост към намеците и жестовете са характерни за хора спадащи към към аутистичния спектър, които имат много големи трудности да разбират лицеви изражения и езика на тялото, но има и нормални хора, които също остават глухи и слепи, понасят опустошителни последствия за себе си и в професионалната сфера. Те спадат към Обърканите.  Когато интуицията е толкова затруднена и объркана, че води до пълно неразбиране на процеса на общуване и невъзможност да се създават близки взаимоотношения с другите, това може да се превърне в патологично състояние – среща се не само при хора с аутизъм, но и при тревожни състояния, страхове от среща с други хора и при депресии. Незаинтересоваността от неясните чувства на другите или израза им може да причини значителни умствени поражения, не само при общуване, но и при предвиждане на намеренията на другите. Другата крайност на спектъра Социална интуиция е на Прозорливите, което свидетелства за хора с изключително фина чувствителност към съзнателните или неосъзнатите знаци в поведението на другите. Хората с Висока Социална Интуиция изискват да се обръща много внимание на намеците при общуване. Острата им чувствителност към емоционалното състояние на другите е ядрото както на умението им да влязат в положение, да разбират гледната точка и да изпитват съпричастие, така и на способността им да разчетат и разберат сигналите при общуване и да бъдат отзивчиви към тях. Човек, който може да гледа директно другите в очите има по-силна Социална интуиция от онези, които гледат по-скоро в устата или отклоняват погледа си настрани.', '(Outlook: How long you are able to sustain positive emotion? Anything above 70% is a Positive type, while a score below 30% is a Negative type. Outlook reflects how long and how well you can sustain positive emotions, either after something good happens to you or as a result of deliberately engaging in emotionally positive thoughts, such as thinking about someone you love. The durability of positive feelings has a strong carryover effect on your overall outlook: Someone whose positive mood hangs around tends to be optimistic, while someone whose moments of joy can be measured in microseconds feels chronically down and pessimistic. The prefrontal cortex and the nucleus accumbens in the ventral striatum form the reward circuit. Signals from the prefrontal maintain high levels of activity in the ventral striatum, a region critical for generating a sense of reward, and thus a Positive Outlook. Low activity in the ventral striatum, due to less input from the prefrontal cortex, is a mark of Negative Outlook. Positive Outlook reflects high activity in the the ventral pallidum (also interconnected with the ventral striatum, it is exquisitely sensitive to hedonic pleasure), and the prefrontal cortex, which through its planning function helps to sustain activity in the nucleus accumbens. A Negative Outlook reflects low activity in these regions and weaker connections between them. The reason is that the nucleus accumbens receives signals from the prefrontal cortex, the higher-order region that transmits the instruction to intensify and maintain the happy feeling. The dopamine activity in the nucleus accumbens may be associated with the motivational component of reward, which underlies drive and persistence, while the endogenous opiates in the nucleus accumbens may be more associated with feelings of pleasure. When the opiate receptors in the nucleus accumbens are activated, they stimulate an adjacent brain region, the ventral pallidum, which, according to animal studies, may directly encode hedonic pleasure. These findings indicate that activity in the nucleus accumbens and prefrontal cortex underlies the ability to sustain positive emotion. In depressed patients the barrage of “Keep it up!” signals from the prefrontal cortex to the nucleus accumbens declined, and as a result activation in the reward-processing circuit did, too. It seemed that the messages were either not being transmitted from the prefrontal cortex or were being lost en route, like water dribbling out of a leaky hose. The greater the activity in the nucleus accumbens—activity sustained by signals from the prefrontal cortex—the further toward the Positive end of the Outlook dimension someone falls. Lower activity in this region underlies a Negative outlook. Extremes of This, then, is the brain basis for the form of depression characterized by an inability to sustain positive emotion: The nucleus accumbens fails to sustain its activity, probably because of a malfunction in the connections between it and the prefrontal cortex. As a result, the nucleus accumbens initially snaps into action but peters out very quickly, and positive emotions fade away. Positive types, who are able to keep the flame of happiness burning nursing the embers of a fire, and Negative types, in whom the fire of joy is quickly doused by a sudden downpour. An excessively Positive Outlook also impairs your ability to learn from mistakes and to postpone immediate gratification in favor of a greater payoff in the future. Indeed, the inability to delay gratification is a hallmark of an extremely Positive Outlook. Shifting your set point toward the Negative extreme will address both problems. An excessively Negative Outlook, on the other hand, can sap your motivation and suck the joy out of your relationships; becoming more Positive can add some sparkle to your perspective, seldom let emotional clouds darken your sunny outlook on life, maintain a high level of energy and engagement even when things don’t go your way. Extreme Positive Outlook— is to be clueless, dense, and oblivious – “Anyone who’s happy must not understand the situation.” In fact an excessively Positive Outlook can be highly inappropriate and get us into trouble. They have difficulty sizing up situations realistically, and their excessive optimism causes them to make unwise decisions. As a result, they are unable to resist immediate temptations in order to achieve a more distant goal. For much the same reason, they may have difficulty learning from their mistakes: Their Positive Outlook causes them to see their error and its consequences as nothing to fret about, so they fail to absorb its lessons.People with extreme Negative Outlook have an inability to maintain any positive emotion means they can never savor life’s ups. An excessively Negative Outlook, in contrast, can sap motivation and wreck your social life as well as your work life. Assuming that nothing good will come of anything, you risk giving up on love, work, and life before you even try, tend toward cynicism and pessimism, struggling to see anything positive. This is the signature of the extreme Negative pole of the Outlook dimension. Maybe you find that a pessimistic, Negative Outlook spurs you to work extra hard, but that moving closer to the Positive end of the Outlook dimension works better in social situations. In this case, being able to regulate your set point along each of these dimensions at will would allow you to respond to each situation in the most effective way you can.)'),
(2, 'Проницатеност', 'Social Intuition', 'Intu', 'Колко добре възприемаш и схващаш жестове при общуване с други хора? Ниските стойности, под 30%, показват неразвито умение да долавяш и разбираш фините изражения на емоциите, несловесните жестове и намерения на другите. Над 80% означава, че отлично се справяш в ситуации, които изискват да разбираш без думи другите, само на базата на тяхното външно поведение. Хората се различават драстично по това колко сполучливо разчитат невербалното поведение на другите при общуване. Социалната интуиция варира според континуум, според който разделителната линия между нормалното и абнормното е много спорна. Прозорливостта зависи от активността в определен невронен кръг, по-специално от две зони в мозъка. Едната зона е fusiform gyrus, част от зрителния дял в мозъка. Другата е amygdala, ключова при задействането на негативните емоциите, противопоставянето или избягването на емоционално наситено общуване. Тези области се задействат, когато възприемаме лицата на другите и по-специално погледа и излъчването на очите, които предават важна информация  за емоционалното състояние. Недостигът на социална интуиция създава последствия, които най-общо могат да бъдат описани като неуспех да се схване емоционалните очаквания, какво е приемливо и подходящо за другите, и се дължи на ниски нива на активация във fusiform gyrus и високи нива на активност в amygdala и обратно, високите нива на активност във fusiform gyrus и ниските или средни нива на активация в amygdala са предпоставка за повишена Социална интуиция. Ензимът Oxytocin също има значителна роля при определяне на въздействието от страна на amygdala. Когато се инхалира oxytocin през носа,  прониква директно в мозъка и намалява активността на тази зона, успокоява и предизвиква чувство на успокоение и заинтересованост. Отношенията на вярност, нежност и взаимна отдаденост зависят от иналичие на повече рецептори на oxytocin, докато при безпомощните или отчуждените и незаинтересовани хора тези рецептори са значително по-малко. Свенливостта и ообщителността са важни при определянето на това къде спада всеки според  това измерение. Има хора, които предпочитат да взаимодействат повече чрез машини и електронни медии, отколкото директно с други хора – тези хора по-скоро спадат към едната крайност на Обърканите. Изключително нечувствителната невъзприемчивост към намеците и жестовете са характерни за хора към аутистичния спектър, които имат много големи трудности да разбират лицеви изражения и езика на тялото, но има и нормални хора, които също остават глухи и слепи , понасят опустошителни последствия за себе си и в професионалната сфера. Те спадат към Обърканите.  Когато интуицията е толкова затруднена и объркана, че води до пълно неразбиране на процеса на общуване и не може да се създават близки взаимоотношения с другите, може да се превърне в патологично състояние – среща се не само при хора с аутизъм, нои  при тревожни състояния, страхове от среща с други хора и при депресии – незаинтересоваността от неясните чувства на другите  или израза им може да причини значителни умствени поражения , не само при общуване, но и при предвиждане на намеренията на другите. Другата крайност на спектъра Социална интуиция е на Прозорливите, което свидетелства за хора с изключително фина чувствителност към съзнателните или неосъзнатите знаци в поведението на другите. Хора с Висока Социална Интуиция изисква да се обръща много внимание на намеците при общуване. Острата им чувствителност към емоционалното състояние на другите е ядрото както на умението им да влязат в положение, да разбират гледната точка и да изпитват съпричастие, тъй като са способни да си разчетат и разберат сигналите при общуване и да бъдат отзивчиви към тях. Човек, който може да гледа директно другите в очите имат по-силна Социална интуиция от тези, които гледат по-скоро в устата или отклонява погледа си настрани. ', 'How adept you are at picking up social signals from the people around you? The higher your score (80%  or above), the more Socially Intuitive you are; a lower score (30% or below) means you are closer to Puzzled. People differ dramatically in how attuned they are to nonverbal social cues. Social Intuition varies along a continuum, and the dividing line between normal and abnormal is somewhat arbitrary. Shyness and sociability are related to where you fall on the Social Intuition dimension. There are people who prefer to interact more with machines than with other individuals—people who likely fall toward the Puzzled end of the Social Intuition spectrum. The Extreme Socially Intuitive end of the Social Intuition style makes people extremely sensitive to subtle, nonverbal cues in the environment. High Social Intuition requires focusing on social cues. Extreme insensitivity to these signals is characteristic of people on the autism spectrum, who struggle to read facial expressions and other social cues, but people who fall well short of a clinical diagnosis can also be socially deaf and blind, with devastating consequences for personal and professional relationships. People at this extreme on the Social Intuition spectrum are Puzzled. Conversely, acute sensitivity to the emotional state of others is central to both empathy and compassion, since being able to decode and understand social signals means we can respond to them. Someone who looks at the eye region of the face tends to have stronger Social Intuition than someone who looks at the mouth, and someone who looks away tends to have poor Social Intuition. It depends on activation in the fusiform gyrus, which is part of the visual cortex, and the amygdalae, key structures in a circuit known to be important for social cognition. These regions are typically activated when you process another person’s face and especially when you look at the person’s eyes, which convey a significant amount of emotional information. The lack of social intuition and the resulting failure to grasp what is socially appropriate comes from low levels of activation in the fusiform and high levels of activation in the amygdale. Low levels of activity in the fusiform and high levels in the amygdala characterize the Puzzled extreme of this dimension, while high activity in the fusiform and low to moderate levels in the amygdala are marks of a Socially Intuitive brain. Someone with high levels of fusiform activation and low-to-moderate amygdala activity is Socially Intuitive, highly attuned to social signals and able to pick up even subtle cues. Oxytocin have confirmed the role of the amygdala in the social brain: When oxytocin was spritzed into the noses of study volunteers, which allows it to go directly to the brain, it reduced activation in the amygdala. This suggests that quieting of the amygdala is the mechanism by which oxytocin induces feelings of commitment and attachment, and that quieting the amygdala by other means accomplishes the same ends—including laying the groundwork for a Socially Intuitive brain. The faithful and romantically committed people has abundant oxytocin receptors in its brain, while the feckless and unattached people does not. Oxytocin has been linked to maternal behavior (it is released during childbirth and breast-feeding), romantic attachment, and feelings of calm and contentment. When your Social Intuition style is so Puzzled that you have difficulty understanding basic social interactions and cannot form close relationships, it has become pathological—and may even fall along the autism spectrum. It is also found in a number of anxiety disorders, particularly social phobia, and can occur in depression as well – to be not interested in peoples’ subtle feelings or their expression may cause a huge cognitive impairmanet in social interaction and misunderstanding intentions of others.'),
(3, 'Чувствителност', 'Self-Awareness:', 'Awar', 'Колко силна е възприемчивостта ти към твоите емоционални и телесни усещания? Стойностите над 80%  показват свръхчувствителност и свръхвъзприемчивост към личния субективен свят; под 30% - неосъзнателност и нечувствителност към собствените чувства и телесни усещания. Някои хора имат проблем с това да почувстват своите емоции. Може да им отнеме цели дни да разберат, че са били гневни, тъжни, че са ревнували или са се страхували. В тази крайност са хора, които не се разбират въобще - Неосъзнатите. В другата крайност са Свръхосъзнатите, които имат много изострена чувствителност за себе си, възприемчивост към вътрешния си поток от мисли, усещания и чувства – за всички съобщения, които тялото им изпраща. Хора с висока чувствителност и осъзнатост имат повишена активност в един от важните центрове на мозъка – insula, докато тези със слаба осъзнатост – ниска активност. Insula получава сигнали от вътрешните органи и в резултат на това високите степени на активност поддържат Висока Осъзнатост, а ниските нива – Слаба Осъзнатост. Този център се намира между централния и предния дял на мозъка и създава карта на телесните усещания и органите, от които идват – сърце, черен дроб, черва, полови органи, бели дробове, стомах, бъбреци и др. – всички те са картографирани на специалномясто в insula, по същия начин както всяко място на кожата по тялото има свое специфично представителство в соматосензорната кора, където различни снопове от неврони получават сигнали от всяка чуствителна точка по повърхността на тялото, от челото до палците на  краката. Insula представлява наблюдателна станция за всеки орган вътре в тялото, изпраща сигнали до самите органи и дава команди колко бързо да бие сърцето или колко дълбоко да вдишват белите дробове. Колкото по-голям обем има insula, толкова по-точно оценява идващата информация. Високата активация е свързана с по-висока осъзнатост не само на телесните усещания, но и  на емоциите. Колкото по-алекситимичен (има трудности да идентифицира и да опише своите чувства) е един човек, толкова по-малък обем на insula има. И обратно – при свръхголям insula обем и активност, толкова по-свръхмерни ще са процесите на осъзнаване на сигналите от тялото, които п онякога създават ефекта на хипохондрична тревога или панически състояния. Да си сляп и глух за това, което тялото се опитва да ти каже, е удобен начин да изпускаш важни симптоми на болести, без значение настинка, треска или инфекция, стягане на гръдния кош или болки в краката. Да бъдеш Неосъзнат има последствия за отношенията – ако не можеш да кажеш на някого, че ти се качва кръвното и че сърцето ти бие учестено, защото изпитваш гняв, тогава няма да имаш шанс да се успокоиш преди важна среща, да разговаряш с учител или началник, да се прибереш вкъщи с колата или да правиш всичко останало, докато гневът те изкарва от релси. От друга страна изострената чувствителност да възприемаш всякакви усещания, например незначителното одраскване по кожата или лекото къркорене на стомаха, може да да пренатовари човек и да се намеси в потока на мислите и чувствата му без той да го иска. В някои случаи ако си свръхнаясно за всичко което чувстваш и усещаш в тялото си, т.е. свръхчувствителността ти да е наистина жива и наситена, това може да ти донесе иключително самообладание, така че да не те притесняват каквито и да е вътрешни шумове. Може да изиграе значителна роля при изпитване на съпричастие и разбиране на състоянията на другите хора, така че да избягваш недоразумения, например по време на спорове с важните за теб хора. Някой с много силно възприемчива чувствителна антена за своите чувства и усещания, докато наблюдава болката на другите може да почувства тревога или мъка не само в тялото си, но и чрез ума си – да усети последствията от нахлуването на хормона на стреса - cortisol, с характерното за него високо кръвно и сърцебиене. Изключително високата чувствителност може да допринесе за прегаряне на хора от хуманните професии; сестри, консултанти, терапевти и социални работници са едни от най-потърпевшите. Да имаш изключителна чувствителност е пряк път към хипохондрията и паническите състояния, които могат да парализират емоционалния живот на човек – ако постоянно получаваш послания от типа силно сърцебиене и напрегнатост на ума, задух, промяна на телесната температура и те да са свръхценни за теб, може да ти бъде много трудно да надмогнеш неприятностите в живота. ', 'How attuned you are to your own physiological and emotional cues and how well you perceive bodily feelings that reflect emotions, to be aware of all the bodily signals associated with emotion? A score of 80% or higher means you are Self-Aware; a score below 30% means you are Self-Opaque. Some people have a very hard time “feeling” their feelings: It may take them days to recognize that they’re angry, sad, jealous, or afraid. At this extreme of the Self-Awareness dimension are people who are Self-Opaque. Being blind and deaf to what your body is trying to tell you is a good way to miss important signs of illness, whether a fever that signals an infection or a tightness in the chest that means a heart attack. Being Self-Opaque has consequences for relationships, as well: If you cannot tell that your blood pressure is rising and your heart rate is increasing because you are angry, then you do not have a chance to walk it off before you have a crucial meeting, attend a conference with your child’s teacher, drive home during rush hour, or do anything else that anger can cause to go off the rails. At the other end are Self-Aware people, who are acutely conscious of their thoughts and feelings and attuned to the messages their body sends them. A heightened ability to perceive sensations, e.g. on the skin and in the digestive tract, might overwhelm you and interfere with your ability to think and see clearly. If you are hyperaware, feeling and hearing your internal signals all too vividly and loudly, it can bring about a kind of equanimity so you are not as bothered by this internal noise. They can be supersensitive to the messages their body transmits, experiencing the physical aspects of their emotional states with heightened, sometimes crippling intensity. This heightened sensitivity can be beneficial in several ways. It appears to play a crucial role in empathy, the ability to feel what others are feeling, and by allowing you to understand your own emotional state it can help you avoid misunderstandings during arguments with a significant other. Someone with very sensitive emotional antennae for his own feelings who observes the pain of another will feel that person’s anxiety or sadness in both mind and body—experiencing a surge of the stress hormone cortisol, for instance, as well as elevated heart rate and blood pressure. Such extreme sensitivity is likely a factor in the burnout that nurses, counselors, therapists, and social workers suffer. Being acutely Self-Aware is a road to hypochondria and panic attacks, as well as to paralysis in your emotional life: If you are constantly besieged by messages about your state of mind and heart, it can be tough to get on with life. Individuals with high levels of Self-Awareness (emotional or physical) have greater activation in their insula, while those with little Self-Awareness have decreased activation. The insula receives signals from the visceral organs, with the result that high levels of activity support high levels of Self-Awareness and lower activity marks low levels of Self-Awareness. Located between the temporal and the frontal lobes, the insula contains what is called a viscerotopic map of the body. That means the visceral organs—heart, liver, colon, sexual organs, lungs, stomach, kidneys—are each mapped to a specific spot within the insula, something akin to how each spot on the skin is mapped on the somatosensory cortex, where distinct clusters of neurons receive signals from every spot on the surface of the body, from our forehead to our toes and every sensitive spot in between. Each region of the skin sends signals to only one spot in the somatosensory cortex; in this sense, the surface of the body is mapped onto the somatosensory cortex. The insula similarly receives signals from our visceral organs and forms a map of them in the sense that specific regions of the insula receive input from specific organs. It is therefore the brain’s monitoring station for everything below the neck and within the body. The insula also sends signals to the organs, instructing the heart to beat more quickly, for instance, or the lungs to inhale more rapidly. In addition to the insula, recent research shows, the somatosensory cortex is also involved in perceiving internal sensations. The larger the insula, the better the estimate. Higher insula activation is associated with greater awareness not only of physical sensations but also of emotions. The more alexithymic (difficulty identifying and describing one’s feelings) someone seems from answers to such questions, the lower the insula activity. In the extreme, ultrahigh levels of insula activity seem to be associated with the excessive awareness of bodily cues that sometimes occurs in, for instance, panic disorder and hypochondrias. People with these illnesses are hypersensitive to their pulse, respiration rate, temperature, and other measures of anxiety and tend to overestimate them. As a result, a slight uptick in, say, heart rate that someone else might pay glancing attention to, perhaps wondering if something just beneath conscious awareness triggered a stress reaction, is interpreted as a sign of an impending heart attack.');
INSERT INTO `axis` (`id`, `bg_name`, `en_name`, `label`, `bg_desc`, `en_desc`) VALUES
(4, 'Съобразителност', 'Sensitivity to Context', 'Sens', 'Колко добре успяваш да нагодиш поведението и отношенията си към другите според изискванията на ситуацията? Ако показателя е под 30% - отразява незаинтересоваността или неумението да разбираш условията и очакванията на дуригте как да се държиш, изглеждаш или действаш; над 80% - изключително внимателно и съобразително се нагаждаш според обстоятелствата и очакванията на другите. Хора, които са особено чувствителни и отзивчиви към заобикалящата ги среда от други хора са Нагаждащи се. Хора, които са нехайни и към това, което се случва около тях – принадлежат към другата крайност на Несъобразителните. Те не си дават сметка или пренебрегват неписаните правила на общуването, които управляват взаимодействието и правят така, че хората да могат да преценят дали едно поведение е приемливо или обидно според дадения контекст. Различията в силата на връзките между hippocampus и други области в мозъка, по специално prefrontal cortex, допринася за съществените различия по този континуум. Центърът hippocampus общува най-много с онези области на мозъка, които отговарят за инициативата и действията и връзката с дълготрайната памет, намираща се в други области. По-солидни връзки между hippocampus и тези области отразяват по-голяма съобразителност, докато по-слабите връзки поддържат по-слаба чувствителност към контекста на общуване. Крайности в този спектър като например свръхактивност в hippocampus се отразяват на поведението като създават впечатление за свръхчувствителност към това, което се изисква и очаква от един човек, което може да доведе до загуба и потискане на емоционалната спонтанност. Някои хора, които се нагаждат с много внимание към преценката на другите, могат така да оформят поведението си само според това както ситуацията го изисква, представяйки се пред близките си по един начин, пред началника си -  по друг, пред приятелите си – по трети, докато накрая не се усъмни в собствената си искреност и автентичност. Приемливо е да сме свръхчувствителни в застрашаващи обстоятелства, но не и, когато сме на сигурно. Ако човек не може да прави разлика между двете обстоятелства, има риск от сериозни грешки или развитие на пост-травматичен стрес. Ако твоята настройка е на изключително несъобразително отношение към ситуацията може да припознаеш сирената на бърза помощ от улицата с наближаващa линейка на бойното поле, характерно за внезапно нахлуващите спомени при ветерани от войната. Някои хора с депресия също попадат към тази крайност на неадекватни към контекста. Те имат трудности да управляват своите емоции според това, какво оакват другите от тях. Например ако те се тревожат и объркват в непозната или нова среда, когато са заобиколени от нови хора, които са съвсем нормални, те могат да подведат под общ знаменател отношенията си с тях, така, че да се получи неразбиране и конфликти, които да затвърдят тяхната тревога и срамежливост. Хора с такъв стил се държат формално и сдържано с приятели и сред близки, където могат да се отпуснат. Имат ли трудности да напасват чувствата си към промените и контекста на общуване, дори когато са вкъщи или сред приятели, това може да стимулира тревогата им да не би да кажат нещо неподходящо.Това ги възпира да имат пълноценни и удовлетоврителни отношения, което ги тласка към задълбочаване на депресията.', 'How good you are at regulating and how well you can modulate your emotional responses to take into account the context you find yourself in? If you scored below 30%, you fall at the Tuned Out end of the spectrum, while a score of 80% or above indicates you are very Tuned In to context. People who are especially aware of the social surround are at the Tuned In pole of the Sensitivity to Context spectrum. People who are oblivious to the social surround fall at the Tuned Out extreme: They’re oblivious to the implicit rules that govern social interactions and that make a behavior that would be perfectly acceptable in one context offensive in another. Differences in the strength of the connections between the hippocampus and other brain regions, particularly the prefrontal cortex, underlie differences in Sensitivity to Context. The hippocampus communicates regularly with the brain’s executive-function areas in the prefrontal cortex as well as sites of long-term memory storage, elsewhere in the cortex. Stronger connections from the hippocampus to these regions increase sensitivity to context, while weaker connections underlie insensitivity to context. People who are very Tuned In to context tend to have strong connections from the hippocampus to areas in the prefrontal cortex that control executive functions and that hold long-term memories in the neocortex. People who are Tuned Out tend to have weaker connections. Unusually low activity in the hippocampus underlies the Tuned Out end of the Sensitivity to Context dimension. At the Tuned In extreme, hyperactivity in the hippocampus is likely to cause an excessive focus on context, which can inhibit emotional spontaneity. Someone who is extremely sensitive to context might shape her behavior to what she thinks the situation demands, presenting herself as one kind of person to her spouse, another kind to her boss, and still another kind to her friends, until soon she begins to doubt her own sincerity and authenticity. It’s appropriate to feel extreme anxiety in dangerous situations but not in safe ones; if you can’t tell the difference, you are at risk for post-traumatic stress disorder. When your Sensitivity to Context style is so Tuned Out from your surroundings that flashbacks flood your thoughts and memories and this is the reason to mistake the siren of an ambulance for a medevac unit on the battlefield, it has become pathological, maybe even sliding into post-traumatic stress disorder. Some people with depression fall toward the Tuned Out end of the Sensitivity to Context dimension. They have difficulty regulating their emotions in a context-appropriate way. For example, if they are wary and bashful in novel situations or around unfamiliar people, which is pretty normal, they may over-generalize to familiar situations, and their wariness and shyness would persist.  People with this Emotional Style act as formally and reticently with friends as they do with family. This prevents them from having rewarding social interactions, which tips them into depression. If you have difficulty aligning your emotions with social context, even when you are at home or among friends, you find yourself shot through with anxiety, worried about saying something wrong.'),
(5, 'Внимание', 'Attention', 'Atte', 'Колко насоченo и ясно е съсредоточението ти? Ако показателят е под 30%, това отразява изключително разсеяно и стеснено внимание. Ако показателят е над 80% - трудно отклоняваш вниманието си от това, което правиш, концентрацията ти трудно може да се отклони от събитията, които са те погълнали напълно. Въздействието на емоциите не само, че се среща навсякъде в нашия живот и обичайната среда на общуване, но също така са и серозен разсейващ фактор, който често се намесва и затруднява способността ни да постигаме целите си и да поддържаме умствения ни баланс. Способността да пренебрегваме емоции, които ни разсейват има много съществена връзка със способността ни да подбираме като цяло всички сетивни стимули, които привличат вниманието ни. Съсредоточеният тип хора могат да се задълбочат върху един разговор на шумно парти, докато Невнимателният тип постоянно променя фокуса на вниманието си към най-привлекателния стимул. Някои хора могат да се изключат независимо от мъчителните преживявания; те спадат към крайния полюс на Съсредоточените. Други постоянно се разсейват заради емоционалните импулси, които нямат нещо общо с това, което трябва да правят; те спадат към крайния тип на Разсеяните. Съсредоточените могат да вложат цялото си внимание независимо от натоварващите ги емоции, пренебрегват тревогата и променят атмосферата около себе си. Разсеяните не могат това. Накратко – емоциите и концентрацията са изключително близки партньори в работата на ума. Докато емоционалните стимули ръководят неблагоприятния дял на вниманието, поддържането на стабилен вътрешен компас може да ни позволи да се фокусираме спокойно и да устояваме на разсейващите събития. Две форми на внимание са от изключителна важност за емоционалния стил: остротата на вниманието и широтата му – на какво обръщаме внимание и какъв е обхвата на подбора – свободен или стеснен според личната преценка. Важни центрове в мозъка отразяват способността за насочено внимание. Prefrontal cortex засилва сигналите, до които иска да достигне (например доловените думи от разговор на съседната маса) и да намали сигнали, които не са толкова важни (другите разговори наоколо). Няколко области в prefrontal cortex са ключови например за потискане на случайната реакция на разсейване при синдрома на дефицит във вниманието. По-конкретно това са inferior prefrontal cortex, център за управление на потиснатите импулси. Прекъсване на вниманието (attention blink) се появява в моменти, докато изпълняваш някаква задача, за кратко спираш да осъзнаваш какво се случва около теб. Не е същото като да изпаднеш в кома, но съзнанието остава невъзприемчиво за това, което се случва пред очите ти. Това се дължи на така наречената способност на мозъка да опреснява за 300 милисекунди потока на внимание, отнасящ се за всеки обект на съзнанието (event-related potential, П300). Това явление зависи от електрическите сигнали, които се появяват в отговор на специфични външни събития или стимули. Твърде силен П300 сигнал показва, че е вложено прекалено много внимание върху първото събитие в съзнанието, но е пропуснато следващото.  Твърде слаб П300 показва, че потока на внимание e разстроен, че не само е пропуснато второто, но и първото събитие. Още едно качеството на вниманието зависи от мозъчните функции. То зависи от невронният синхрон между външния стимул на внимание и колебанията в мозъчните функции на prefrontal cortex. Това е модел на електрическа активност, която отразява до каква степен мозъчните вълни и колебания от различни части на мозъка съвпадат напълно с външния стимул. При висока степен на закотвяне на вниманието („phase-locking”) колебанията, които стимулът предизвиква, лесно могат да се отделят от фона на други мозъчни колебания при възприемане – но само ако мозъкът не е обхванат от бъркотията на блуждаещите мисли. В такъв случай отговорът на стимули е трудно да се различи от какафонията във фона на мозъчните колебания, идващи от други области на мозъка, подобно на кръгообразните вълнички от хвърлен камък, които се губят веднага щом паднат в бушуващите вълни на морето. Но ако хвърлите камък в идеално гладко езеро, вълничките ще са идеално очертани като в дюните в пустинята. Спокойният ум може да сменя плавно, гладко и точно концентрацията си и с помощта на волята на субекта да предизвика чисти мозъчни колебания, които са в синхрон с постъпващите стимули, за разлика от рязко и неконтролируемо разсейване на вниманието, където непрекъснато постъпват различни невронни стимули от други области на мозъка. При свръхсъсредоточение prefrontal cortex показва висок синхрон, фонът е чист и спокоен, а сигналът П300 е относително добре изразен. При крайно Невнимателните prefrontal cortex показва малък синхрон между фигурата в центъра на вниманието и фона на възприятието, както и много слаб П300 сигнал. Когато вниманието е толкова разсеяно, че човек не може да довърши дори и една проста задача в работата или да научи конкретен материал, за да получиш необходимата оценка, това може да разстрои ума и да е насока за проблеми с концентрацията или прекалена импулсивност. Остротата на вниманието зависи от съзнателните решения върху какво качество от средата да се съсредоточим и какво да пренебрегнем. Това е способност да се задълбочим в постоянно бушуващото море от стимули и информация, които ни заобикалят и заливат, да отделим значение само на едно от тези неща. Въпреки постоянната конкуренция, която упражняват стимулите, за да се преборят за нашето внимание, ние успяваме да се съсредоточим само върху едно нещо и да оставим останалите настрани като засилваме значението на един сетивен канал за сметка на друг. Това умение е ключово при изграждането на собствен емоционален стил, наред с другите измерения, които зависят от него – без да можем да подбираме обектите на вниманието си, надали ще можем да сме социално съобразителни или осъзнаващи телесните си процеси и сигнали. Другата форма на внимание – да възприемаме с отворено съзнание, без преценка и отдаване на специално значение на даден стимул, отразява способността да приемаме стимули от средата около нас заедно с мислите и чувствата, които те предизвкват и изскачат в ума ни, да разширяваме полето на възприятие и да приемем и допуснем често едва доловимите знаци, които продължително въздействат върху ума ни, но без да се закотвяме върху един за сметка на друг. Това е умение да останем възприемчиви за всичко, което може да премине през мисълта ни, въображението и чувствата, без да влагаме никакво критично отношение към тях. Тази дейност на ума поражда усещане за спокойствие и емоционален баланс; хората, които са Съсредоточени, са също така и невъзмутими, хладнокръвни - никаква емоция не може да ги принуди или подтикне да се разклатят надолу или нагоре. Отвореното, безкритично съзнание е изключително важно за това да сме в час със ставащото около нас, толкова колкото нашите мисли и емоции и затова играе важна роля в изграждането на Осъзнатостта и Проницателността. Без умение за отворено, безкритична осъзнатост може да изпуснем и най-тънките едва забележими сигнали, които се зараждат в нашето тяло и ум, както и нюансите в ежедневното общуване. Хора, които могат да си позволят да бъдат погълнати от заобикалящия ги свят показват също така и силно насочено внимание – най-вече зависещо от somato-sensory cortex по време на важна работа, за разлика от тези, които които дори не позволяват ни най-малко да се потопят в случващото се около тях. Невъздържаността зависи от силата на насоченото внимание. Невнимателното отношение е предпоставка за пропускане на дредни детайли, лекомислено пренебрежение към допуснатите грешки в училище, на работа или където и да е. Свръхенергичността лесно се разпознава при нетърпеливо потропване с крака или тропане с пръстите на ръцете, да подскачаш и да не те свърта на едно място, когато се предполага да седиш спокойно, да говориш безспирно или да запазиш самообладание. Импулсивността се изразява в това човек да отговаря преди да е зададен целия въпрос, да изпитва затруднение да си изчаква реда, да прекъсва другите и да се намесва в това, което правят – било то разговори или игри. В другата крайност са хора, които не могат да отделят вниманието си от това, което правят, толкова са съсредоточени върху чувствата си и поради това пренебрегват мнението или нуждите на другите, изпускат важни събития, които понякога могат да бъдат неотложни.', 'How sharp and clear your focus is? A score of 80% or above means you fall at the Focused end of the Attention dimension, while a score of 30% or below means you tend to be Unfocused. Emotional cues are not only ubiquitous in our lives and environment, they are also strong distractions, often interfering with our ability to both accomplish tasks and maintain equanimity. It turns out that the ability to screen out emotional distractions is correlated with the ability to screen out sensory distractions. A Focused person can zoom in on a single conversation at a noisy party, while an Unfocused one is constantly shifting her attention and her eyes to the most attention-grabbing stimulus. Some people can plug away despite being in the throes of emotional turmoil; they fall at the Focused extreme of the Attention spectrum. Others are constantly distracted by emotional impulses that have nothing to do with the task at hand; they fall at the Unfocused extreme. Focused people can concentrate despite emotion-laden intrusions, filtering out the anxiety supercharging the air around them, while the Unfocused cannot. In short, attention and emotion are intimate partners. Since emotional stimuli command an untoward share of our attention, maintaining a stable internal compass that allows us to calmly focus and resist distractions is an aspect of Emotional Style. Two forms of attention are relevant to Emotional Style: selective attention and open, nonjudgmental awareness. Selective attention refers to the conscious decision to selectively focus on certain features of one’s environment and ignore others. This is the ability to be immersed in the constant sea of stimuli that surrounds us and yet, miraculously, pay attention to only one thing. Yet despite all these stimuli competing for our attention, we manage to focus on only one and ignore the others by enhancing the input in the “channel” we want to pay attention to and by inhibiting the input in the ignored channels. This capacity is a key building block for other dimensions of Emotional Style, since the failure to selectively attend can make it impossible to be Self-Aware or Tuned In. Attentional blink occurs when your mind, still dealing with a previous object of attention, becomes briefly unaware of your environment. It is not that you drop into a coma but that you are inattentive to what is happening right in front of you. The brain basis for this: the appearance of an event-related potential called P300. An event-related potential is simply an electrical signal that is elicited in response to a specific external event or stimulus; P300 refers to a positive (hence the P) response that occurs approximately 300 milliseconds following an event. Too strong a P300 signal indicates too much investment in focusing on the first event, which makes you miss the second; too weak a P300 indicates too little investment, which makes you miss the first event as well. The quality of open, nonjudgmental awareness implies a balance, so you do not get stuck on an engaging stimulus but are, instead, open to all stimuli. To sum up: At the Focused extreme of the Attention dimension, the prefrontal cortex exhibits strong phase-locking in response to external stimuli as well as moderate activation of the P300 signal. At the Unfocused extreme, the prefrontal cortex shows little phase-locking and an extremely weak or extremely strong P300 signal. Another signature of attention is phase-locking, in which an external stimulus becomes synchronized with ongoing brain oscillations. This pattern of electrical activity reflects the degree to which brain waves—or, more formally, cortical oscillations—become synchronized to an external stimulus. With a high degree of phase-locking, an external stimulus triggers a clear pattern of cortical oscillations that are easy to pick out against the background oscillations—but only if the brain is not a jumble of mind-wandering and thoughts. In that case, the response to an external stimulus is as difficult to pick out against this background cacophony as the ripples from a rock splashing into a turbulent sea: There are so many other waves and disturbances that any ripples from the thrown rock are almost imperceptible. But if the rock lands in a perfectly still lake, the ripples stand out like a walrus in a desert. A calm brain is like a still lake. When an external stimulus comes in, it triggers clear oscillations synchronized to the arrival of the stimulus. The more a participant showed this phase-locking, the more accurate he was on the selective attention task. The brain activity can be entrained to external stimuli; when it is, attention becomes highly focused and stable, as evidenced by the accuracy of the button presses and the consistency in the participants’ response times from one trial to the next. The phase-locking involved only signals from the prefrontal region, not other brain regions, underscoring the importance of the prefrontal cortex in the regulation of selective attention. Another form of attention is open, nonjudgmental awareness. It reflects the ability to take in signals from the external environment as well as the thoughts and feelings popping up within our brain, to broaden our attention and sensitively pick up on the often subtle cues that continuously impinge upon us—but to do so without getting stuck on any one stimulus to the detriment of the others. This is the capacity to remain receptive to whatever might pass into your thoughts, view, hearing, or feeling and to do so in a noncritical way. It generates a sense of contentment and emotional balance; people who fall at the Focused end of the Attention spectrum tend to be unflappable, not pushed and pulled by constant emotional ups and downs. Open, nonjudgmental awareness is also critical for being tuned in to our surroundings as well as our own thoughts and emotions, and as such plays an important role in Self-Awareness and Social Intuition. Without a capacity for open, nonjudgmental awareness, we can miss both subtle cues arising from within our own body and mind and the nuanced cues in our social environment. People who are able to become completely absorbed in their surroundings showed stronger selective attention—more activity in the visual or somato-sensory cortex during the relevant activity—than did those who do not get even slightly absorbed. The prefrontal cortex plays an important role in guiding selective attention; it actually boosts signals it wants to attend to (such as the words of our restaurant companion relative to the background chatter) and attenuates signals it wants to ignore (the other conversations). Several regions of the prefrontal cortex important for selective attention and response inhibition were underactive in the ADHD group. In particular, the inferior prefrontal cortex, the brain’s impulse-inhibiting center, seemed to be sitting this one out. When your Attention style is so Unfocused that you can’t complete even simple tasks or learn what you need in order to succeed academically or professionally, it has become pathological and could even indicate full-blown attention deficit/hyperactivity disorder. Impulsivity is related to where you fall on the Attention dimension (being Unfocused tends to make you more impulsive). Inattention causes you to fail to focus on details and, as a consequence, to make careless mistakes in schoolwork, work, or other activities. It also causes you to have trouble organizing activities and makes you easily distracted. Hyperactivity is marked by fidgeting with your hands or feet, squirming in your seat, popping up when you are supposed to stay seated and talking excessively. Impulsivity manifests itself as blurting out answers before questions have been finished, difficulty waiting your turn, and interrupting or intruding on others, as by butting into conversations or games. At the other hand if you being so Focused that you miss something, or someone, that requires your attention.');

-- --------------------------------------------------------

--
-- Table structure for table `choice_stat`
--

CREATE TABLE IF NOT EXISTS `choice_stat` (
  `id` int(11) NOT NULL,
  `start` datetime NOT NULL,
  `end` datetime NOT NULL
) ENGINE=InnoDB DEFAULT CHARSET=utf8;

--
-- Dumping data for table `choice_stat`
--

INSERT INTO `choice_stat` (`id`, `start`, `end`) VALUES
(1, '2015-11-20 16:31:00', '2015-11-20 17:15:07'),
(2, '2015-11-21 03:12:00', '2015-11-21 03:32:02'),
(3, '2015-11-25 14:53:00', '2015-11-25 15:38:14'),
(4, '2015-11-25 15:23:00', '2015-11-25 16:01:08'),
(5, '2015-11-25 20:55:00', '2015-11-25 21:12:49'),
(6, '2015-11-26 20:43:00', '2015-11-26 20:55:51'),
(7, '2015-11-27 21:01:00', '2015-11-27 21:24:27'),
(8, '2015-11-29 18:00:00', '2015-11-29 18:18:20'),
(9, '2015-12-01 09:18:00', '2015-12-01 09:42:01'),
(10, '2015-12-05 20:10:00', '2015-12-05 20:27:40'),
(11, '2015-12-07 01:01:00', '2015-12-07 01:30:32'),
(12, '2015-12-07 01:54:00', '2015-12-07 03:27:42'),
(13, '2015-12-07 03:40:00', '2015-12-07 04:03:49'),
(14, '2015-12-07 04:06:00', '2015-12-07 04:39:41'),
(15, '2015-12-11 09:45:00', '2015-12-11 09:50:47'),
(16, '2015-12-11 09:47:00', '2015-12-11 09:51:46'),
(17, '2015-12-11 09:58:00', '2015-12-11 10:35:59'),
(18, '2015-12-11 14:22:00', '2015-12-11 14:58:48'),
(19, '2015-12-12 14:02:00', '2015-12-12 14:31:19'),
(20, '2015-12-15 02:02:00', '2015-12-15 02:30:02'),
(21, '2015-12-18 17:01:00', '2015-12-18 17:03:09'),
(22, '2015-12-18 20:17:00', '2015-12-18 21:11:25'),
(23, '2015-12-22 15:06:00', '2015-12-22 15:52:06'),
(24, '2015-12-28 16:07:00', '2015-12-28 16:16:40'),
(25, '2015-12-29 00:51:00', '2015-12-29 01:14:37'),
(26, '2016-01-05 16:48:00', '2016-01-05 17:53:40'),
(27, '2016-01-05 19:23:00', '2016-01-05 19:30:40'),
(28, '2016-01-08 22:27:00', '2016-01-09 09:58:21'),
(29, '2016-01-09 00:13:00', '2016-01-09 00:48:01'),
(30, '2016-01-09 14:17:00', '2016-01-09 14:44:36'),
(31, '2016-01-09 20:40:00', '2016-01-09 21:00:01'),
(32, '2016-01-10 12:07:00', '2016-01-10 12:32:00'),
(33, '2016-01-14 14:18:00', '2016-01-14 14:36:35'),
(34, '2016-01-14 20:18:00', '2016-01-14 21:04:31'),
(35, '2016-01-16 19:04:00', '2016-01-16 19:34:22'),
(36, '2016-01-16 20:20:00', '2016-01-16 20:52:32'),
(37, '2016-01-18 12:47:00', '2016-01-18 13:20:47'),
(38, '2016-01-21 09:50:00', '2016-01-21 10:53:14'),
(39, '2016-01-22 10:54:00', '2016-01-22 10:57:42'),
(40, '2016-01-22 23:58:00', '2016-01-23 14:13:17'),
(41, '2016-01-22 22:31:00', '2016-01-22 22:45:26'),
(42, '2016-01-22 22:53:00', '2016-01-22 23:10:24'),
(43, '2016-01-25 17:18:00', '2016-01-25 18:47:44'),
(44, '2016-01-25 17:18:00', '2016-01-25 18:59:40'),
(45, '2016-01-25 20:41:00', '2016-01-25 21:14:58'),
(46, '2016-01-27 14:01:00', '2016-01-27 15:27:39'),
(47, '2016-01-28 10:42:00', '2016-01-28 11:03:13'),
(48, '2016-01-29 14:05:00', '2016-01-29 14:24:06'),
(49, '2016-01-29 16:25:00', '2016-01-29 16:47:00'),
(50, '2016-01-29 18:30:00', '2016-01-29 19:12:33'),
(51, '2016-02-17 17:31:00', '2016-02-17 17:39:41'),
(52, '2016-02-18 16:44:00', '2016-02-18 16:54:27'),
(53, '2015-07-07 21:34:00', '2015-07-07 22:10:58'),
(54, '2015-08-09 13:55:00', '2015-08-09 14:20:02'),
(55, '2015-09-02 10:28:00', '2015-09-02 12:14:47'),
(56, '2015-09-24 13:48:00', '2015-09-24 14:28:33'),
(57, '2015-09-24 15:22:00', '2015-09-24 15:34:21'),
(58, '2015-10-20 14:23:00', '2015-10-20 15:01:08'),
(59, '2015-10-21 20:43:00', '2015-10-21 20:55:51'),
(60, '2015-11-10 12:18:00', '2015-11-10 13:08:59'),
(61, '2015-11-13 12:02:00', '2015-11-13 12:36:19'),
(62, '2015-11-13 15:19:00', '2015-11-13 15:46:51'),
(63, '2016-02-20 10:12:00', '2016-02-20 10:36:29'),
(64, '2016-02-20 10:39:00', '2016-02-20 11:27:00'),
(65, '2016-02-20 14:31:00', '2016-02-20 14:50:24'),
(66, '2016-02-20 14:51:00', '2016-02-20 14:58:58'),
(67, '2016-02-20 15:09:00', '2016-02-20 15:16:49'),
(68, '2016-02-20 15:17:00', '2016-02-20 15:34:55'),
(69, '2016-02-20 15:37:00', '2016-02-20 15:43:35'),
(70, '2016-02-20 14:51:00', '2016-02-20 15:03:39'),
(71, '2016-02-23 11:08:00', '2016-02-23 11:31:57'),
(72, '2016-02-26 16:09:00', '2016-02-26 16:38:07'),
(73, '2016-02-27 11:37:00', '2016-02-27 11:55:54'),
(74, '2016-02-27 20:36:00', '2016-02-27 20:39:30'),
(75, '2016-03-08 09:53:00', '2016-03-08 10:06:26'),
(76, '2016-03-10 16:25:00', '2016-03-10 16:59:48'),
(77, '2016-03-10 17:14:00', '2016-03-10 17:17:31'),
(78, '2016-03-10 16:48:00', '2016-03-10 17:32:43'),
(79, '2016-03-10 17:23:00', '2016-03-10 17:47:35'),
(80, '2016-03-18 11:32:00', '2016-03-18 11:55:46'),
(81, '2016-03-29 11:08:00', '2016-03-29 11:23:28'),
(82, '2016-03-29 11:41:00', '2016-03-29 12:53:15'),
(83, '2016-03-30 16:26:00', '2016-03-30 17:47:52'),
(84, '2016-04-06 02:20:00', '2016-04-06 02:43:22'),
(85, '2016-04-08 17:18:00', '2016-04-08 17:30:03'),
(86, '2016-04-09 17:15:00', '2016-04-09 17:18:05'),
(87, '2016-04-11 01:23:00', '2016-04-11 01:43:20'),
(88, '2016-04-11 01:47:00', '2016-04-11 02:00:14'),
(89, '2016-04-11 13:08:00', '2016-04-11 13:51:22'),
(90, '2016-04-13 19:25:00', '2016-04-13 19:49:26'),
(91, '2016-04-14 11:56:00', '2016-04-14 12:11:37'),
(92, '2016-04-14 17:17:00', '2016-04-14 18:16:31'),
(93, '2016-04-19 22:26:00', '2016-04-19 22:59:27'),
(94, '2016-04-24 14:37:00', '2016-04-24 14:54:09'),
(95, '2016-04-26 16:47:00', '2016-04-26 17:25:25'),
(96, '2016-04-28 12:20:00', '2016-04-28 12:39:14'),
(97, '2016-04-28 21:30:00', '2016-04-28 21:42:13'),
(98, '2016-05-04 11:19:00', '2016-05-04 11:46:27'),
(99, '2016-05-04 14:52:00', '2016-05-04 15:08:16'),
(100, '2016-05-04 17:23:00', '2016-05-04 17:40:58'),
(101, '2016-05-05 11:37:00', '2016-05-05 12:01:08'),
(102, '2016-05-10 16:15:00', '2016-05-10 16:30:34'),
(103, '2016-05-16 17:18:00', '2016-05-16 17:21:42'),
(104, '2016-05-17 09:59:00', '2016-05-17 10:24:42'),
(105, '2016-05-17 13:37:00', '2016-05-17 13:53:54'),
(106, '2016-05-18 20:01:00', '2016-05-18 20:05:41'),
(107, '2016-05-18 20:10:00', '2016-05-18 20:13:12'),
(108, '2016-05-19 10:24:00', '2016-05-19 10:26:52'),
(109, '2016-05-19 10:24:00', '2016-05-19 10:28:34'),
(110, '2016-05-19 10:24:00', '2016-05-19 10:29:09'),
(111, '2016-05-19 10:24:00', '2016-05-19 10:29:19'),
(112, '2016-05-19 10:24:00', '2016-05-19 10:29:20'),
(113, '2016-05-19 10:27:00', '2016-05-19 10:30:15'),
(114, '2016-05-19 10:24:00', '2016-05-19 10:32:53'),
(115, '2016-05-19 10:33:00', '2016-05-19 10:43:02'),
(116, '2016-05-19 11:22:00', '2016-05-19 11:27:21'),
(117, '2016-05-19 13:54:00', '2016-05-19 13:55:56'),
(118, '2016-05-20 22:37:00', '2016-05-20 22:40:14'),
(119, '2016-05-25 12:15:00', '2016-05-25 12:18:57'),
(120, '2016-05-25 21:50:00', '2016-05-25 21:52:52'),
(121, '2016-05-31 10:47:00', '2016-05-31 10:51:48'),
(122, '2016-05-31 11:00:00', '2016-05-31 11:11:50'),
(123, '2016-05-31 12:12:00', '2016-05-31 12:27:18'),
(124, '2016-06-02 13:47:00', '2016-06-02 13:54:50'),
(125, '2016-06-02 23:46:00', '2016-06-02 23:47:37'),
(126, '2016-06-03 15:13:00', '2016-06-03 15:15:23'),
(127, '2016-06-03 15:14:00', '2016-06-03 15:16:41'),
(128, '2016-06-03 15:14:00', '2016-06-03 15:17:15'),
(129, '2016-06-03 15:15:00', '2016-06-03 15:18:01'),
(130, '2016-06-03 15:15:15', '2016-06-03 15:21:34'),
(131, '2016-06-03 23:14:00', '2016-06-03 23:15:39'),
(132, '2016-06-04 11:45:00', '2016-06-04 11:46:01'),
(133, '2016-06-04 20:04:00', '2016-06-04 20:06:27'),
(134, '2016-06-04 20:22:00', '2016-06-04 20:25:28'),
(135, '2016-06-04 21:30:00', '2016-06-04 21:35:34'),
(136, '2016-06-06 11:17:00', '2016-06-06 11:30:05'),
(137, '2016-06-06 11:31:00', '2016-06-06 11:32:54'),
(138, '2016-06-07 10:00:00', '2016-06-07 10:03:27'),
(139, '2016-06-07 13:02:00', '2016-06-07 13:04:12'),
(140, '2016-06-08 13:08:00', '2016-06-08 13:11:29'),
(141, '2016-06-08 13:45:00', '2016-06-08 13:56:05'),
(142, '2016-06-08 14:06:00', '2016-06-08 14:11:45'),
(143, '2016-06-08 14:27:00', '2016-06-08 14:31:19'),
(144, '2016-06-09 12:25:00', '2016-06-09 12:28:34'),
(145, '2016-06-13 10:18:00', '2016-06-13 10:56:10'),
(146, '2016-06-13 13:22:00', '2016-06-13 13:28:10'),
(147, '2016-06-13 13:49:00', '2016-06-13 13:52:59'),
(148, '2016-06-14 10:35:00', '2016-06-14 10:40:58'),
(149, '2016-06-14 11:47:00', '2016-06-14 11:51:43'),
(150, '2016-06-21 10:19:00', '2016-06-21 10:24:30'),
(151, '2016-06-21 14:12:00', '2016-06-21 14:19:39'),
(152, '2016-06-21 14:37:00', '2016-06-21 14:40:09'),
(153, '2016-06-21 17:58:00', '2016-06-21 18:08:46'),
(154, '2016-06-22 09:34:00', '2016-06-22 09:39:04'),
(155, '2016-06-22 09:44:00', '2016-06-22 09:53:41'),
(156, '2016-06-22 10:26:00', '2016-06-22 10:30:37'),
(157, '2016-06-23 09:44:00', '2016-06-23 09:49:07'),
(158, '2016-06-23 11:12:00', '2016-06-23 11:15:38'),
(159, '2016-06-24 09:27:00', '2016-06-24 09:45:19'),
(160, '2016-06-24 12:52:00', '2016-06-24 12:58:37'),
(161, '2016-06-24 13:01:00', '2016-06-24 13:07:15'),
(162, '2016-06-27 09:30:00', '2016-06-27 09:33:19'),
(163, '2016-07-01 16:51:00', '2016-07-01 17:52:54'),
(164, '2016-07-03 14:12:00', '2016-07-03 14:15:14'),
(165, '2016-07-03 14:35:00', '2016-07-03 14:43:54'),
(166, '2016-07-03 14:50:00', '2016-07-03 14:55:50'),
(167, '2016-07-03 19:03:00', '2016-07-03 19:08:04'),
(168, '2016-07-03 19:39:00', '2016-07-03 19:40:47'),
(169, '2016-07-04 01:41:00', '2016-07-04 01:44:33'),
(170, '2016-07-04 01:45:00', '2016-07-04 01:48:01'),
(171, '2016-07-06 15:52:00', '2016-07-06 16:44:52'),
(172, '2016-07-06 16:51:00', '2016-07-06 17:11:30'),
(173, '2016-07-07 17:11:00', '2016-07-07 17:19:22'),
(174, '2016-07-10 11:22:00', '2016-07-10 12:09:15'),
(175, '2016-07-12 13:32:00', '2016-07-12 13:34:38'),
(176, '2016-07-20 11:23:00', '2016-07-20 11:25:08'),
(177, '2016-07-21 15:53:00', '2016-07-21 15:54:29'),
(178, '2016-07-22 00:23:00', '2016-07-22 00:26:56'),
(179, '2016-07-25 10:36:00', '2016-07-25 10:37:37'),
(180, '2016-07-31 23:36:00', '2016-07-31 23:38:29'),
(181, '2016-08-12 13:46:00', '2016-08-12 13:55:04'),
(182, '2016-08-14 10:36:00', '2016-08-14 10:38:38'),
(183, '2016-08-20 18:21:00', '2016-08-20 18:26:35'),
(184, '2016-08-29 07:52:00', '2016-08-29 07:52:52'),
(185, '2016-09-08 15:20:00', '2016-09-08 15:24:19'),
(186, '2016-09-09 18:01:00', '2016-09-09 18:03:37'),
(187, '2016-09-19 16:19:00', '2016-09-19 16:36:36'),
(188, '2016-09-19 16:47:00', '2016-09-19 16:57:02'),
(189, '2016-09-24 04:12:00', '2016-09-24 04:14:37'),
(190, '2016-09-28 13:43:00', '2016-09-28 13:56:07'),
(191, '2016-09-28 13:44:00', '2016-09-28 13:59:43'),
(192, '2016-09-28 16:11:00', '2016-09-28 16:12:48'),
(193, '2016-09-29 11:52:00', '2016-09-29 12:00:21'),
(194, '2016-10-06 23:25:00', '2016-10-06 23:26:17'),
(195, '2016-10-07 08:05:00', '2016-10-07 08:07:27'),
(196, '2016-10-09 16:10:00', '2016-10-09 16:18:51'),
(197, '2016-10-09 16:26:00', '2016-10-09 16:28:45'),
(198, '2016-10-09 17:46:00', '2016-10-09 17:52:23'),
(199, '2016-10-11 10:06:00', '2016-10-11 10:20:15'),
(200, '2016-10-13 21:53:00', '2016-10-13 21:56:40'),
(201, '2016-10-14 10:39:00', '2016-10-14 10:43:21'),
(202, '2016-10-15 12:15:00', '2016-10-15 12:28:37'),
(203, '2016-10-16 16:41:00', '2016-10-16 17:10:01'),
(204, '2016-10-17 14:11:00', '2016-10-17 14:33:40'),
(205, '2016-10-18 23:44:00', '2016-10-18 23:54:49'),
(206, '2016-10-19 23:54:00', '2016-10-20 00:21:23'),
(207, '2016-10-19 03:08:00', '2016-10-19 03:22:14'),
(208, '2016-10-21 14:25:00', '2016-10-21 14:38:57'),
(209, '2016-10-21 23:12:00', '2016-10-21 23:21:11'),
(210, '2016-10-22 06:17:00', '2016-10-22 06:29:11'),
(211, '2016-10-22 21:20:00', '2016-10-22 21:27:25'),
(212, '2016-10-24 23:56:00', '2016-10-24 00:10:06'),
(213, '2016-10-24 10:05:00', '2016-10-24 10:16:28'),
(214, '2016-10-24 10:27:00', '2016-10-24 10:39:03'),
(215, '2016-10-25 12:00:00', '2016-10-25 12:52:01'),
(216, '2016-10-26 09:24:00', '2016-10-26 09:42:36'),
(217, '2016-10-26 20:05:00', '2016-10-26 20:34:33'),
(218, '2016-10-28 15:11:00', '2016-10-28 15:20:40'),
(219, '2016-10-28 18:52:00', '2016-10-28 19:05:48'),
(220, '2016-11-02 09:40:00', '2016-11-02 09:49:34'),
(221, '2016-11-02 16:07:00', '2016-11-02 16:11:20'),
(222, '2016-11-02 16:23:00', '2016-11-02 16:36:31'),
(223, '2016-11-03 12:05:00', '2016-11-03 12:12:21'),
(224, '2016-11-03 12:38:00', '2016-11-03 12:44:23'),
(225, '2016-11-06 17:47:00', '2016-11-06 17:47:40'),
(226, '2016-11-07 12:41:00', '2016-11-07 13:05:02'),
(227, '2016-11-08 09:45:00', '2016-11-08 10:06:33'),
(228, '2016-11-08 13:26:00', '2016-11-08 14:04:17'),
(229, '2016-11-08 19:05:00', '2016-11-08 19:14:04'),
(230, '2016-11-09 23:54:00', '2016-11-10 00:01:33'),
(231, '2016-11-09 17:45:00', '2016-11-09 18:43:52'),
(232, '2016-11-12 13:49:00', '2016-11-12 15:41:30'),
(233, '2016-11-15 15:27:00', '2016-11-15 16:16:15'),
(234, '2016-11-16 15:47:00', '2016-11-16 16:01:05'),
(235, '2016-11-17 14:48:00', '2016-11-17 15:00:54'),
(236, '2016-11-18 18:32:00', '2016-11-18 18:41:51'),
(237, '2016-11-22 11:43:00', '2016-11-22 11:43:45'),
(238, '2016-11-22 21:57:00', '2016-11-22 21:58:05'),
(239, '2016-11-26 15:53:00', '2016-11-26 16:09:58'),
(240, '2016-11-26 17:38:00', '2016-11-26 17:50:34'),
(241, '2016-11-27 19:28:00', '2016-11-27 19:49:50'),
(242, '2016-11-29 09:48:00', '2016-11-29 10:04:55'),
(243, '2016-11-29 10:12:00', '2016-11-29 10:34:18'),
(244, '2016-11-29 16:52:00', '2016-11-29 17:13:27'),
(245, '2016-11-30 10:07:00', '2016-11-30 10:20:38'),
(246, '2016-11-30 13:45:00', '2016-11-30 13:52:29'),
(247, '2016-12-04 16:35:00', '2016-12-04 16:52:24'),
(248, '2016-12-05 11:18:00', '2016-12-05 11:20:46'),
(249, '2016-12-09 13:51:00', '2016-12-09 14:06:38'),
(250, '2016-12-13 21:09:00', '2016-12-13 21:47:58'),
(251, '2016-12-20 21:39:00', '2016-12-20 21:41:30'),
(252, '2016-12-30 21:50:00', '2016-12-30 21:57:42'),
(253, '2017-01-05 16:20:00', '2017-01-05 16:25:10'),
(254, '2017-01-07 13:04:00', '2017-01-07 13:12:35'),
(255, '2017-01-07 18:51:00', '2017-01-07 19:05:20'),
(256, '2017-01-18 15:12:00', '2017-01-18 16:17:32'),
(257, '2017-01-18 16:24:00', '2017-01-18 16:39:10'),
(258, '2017-01-19 15:51:00', '2017-01-19 16:05:29'),
(259, '2017-01-19 17:08:00', '2017-01-19 17:14:30'),
(260, '2017-01-20 14:53:00', '2017-01-20 15:09:51'),
(261, '2017-01-20 15:47:00', '2017-01-20 16:07:47'),
(262, '2017-01-20 17:50:00', '2017-01-20 18:27:40'),
(263, '2017-01-20 19:29:00', '2017-01-20 20:14:32'),
(264, '2017-01-21 20:17:00', '2017-01-21 20:43:23'),
(265, '2017-01-23 15:00:00', '2017-01-23 15:16:49'),
(266, '2017-01-24 14:17:00', '2017-01-24 14:36:45'),
(267, '2017-01-25 10:41:00', '2017-01-25 10:54:14'),
(268, '2017-01-25 19:35:00', '2017-01-25 20:24:30'),
(269, '2017-01-26 14:49:00', '2017-01-27 10:57:58'),
(270, '2017-01-27 13:50:00', '2017-01-27 13:57:18'),
(271, '2017-01-27 15:31:00', '2017-01-27 16:00:09'),
(272, '2017-01-29 18:23:00', '2017-01-29 18:27:29'),
(273, '2017-01-30 15:59:00', '2017-01-30 16:22:53'),
(274, '2017-02-01 15:22:00', '2017-02-01 15:34:41'),
(275, '2017-02-01 16:09:00', '2017-02-01 16:14:55'),
(276, '2017-02-10 14:23:00', '2017-02-10 14:51:59'),
(277, '2017-02-12 13:57:00', '2017-02-12 14:06:41'),
(278, '2017-02-12 14:43:00', '2017-02-12 15:43:48'),
(279, '2017-02-12 16:43:00', '2017-02-12 16:49:38'),
(280, '2017-02-12 17:00:00', '2017-02-12 17:08:06'),
(281, '2017-02-17 15:01:00', '2017-02-17 15:08:39'),
(282, '2017-02-17 15:19:00', '2017-02-17 15:43:15'),
(283, '2017-02-18 15:41:00', '2017-02-18 16:07:18'),
(284, '2017-02-20 15:57:00', '2017-02-20 17:29:57'),
(285, '2017-02-21 12:29:00', '2017-02-21 12:37:55'),
(286, '2017-02-21 17:14:00', '2017-02-21 17:16:14'),
(287, '2017-02-22 09:59:00', '2017-02-22 10:09:24'),
(288, '2017-02-22 12:06:00', '2017-02-22 12:22:21'),
(289, '2017-02-24 11:21:00', '2017-02-24 11:38:58'),
(290, '2017-03-01 12:33:00', '2017-03-01 12:39:20'),
(291, '2017-03-01 17:47:00', '2017-03-01 17:54:10'),
(292, '2017-03-02 13:13:00', '2017-03-02 13:22:38'),
(293, '2017-03-02 13:31:00', '2017-03-02 13:43:58'),
(294, '2017-03-02 20:59:00', '2017-03-02 21:08:01'),
(295, '2017-03-05 18:23:00', '2017-03-05 18:26:01'),
(296, '2017-03-14 11:12:00', '2017-03-14 11:33:39'),
(297, '2017-03-14 15:51:00', '2017-03-14 16:01:28'),
(298, '2017-03-14 16:32:00', '2017-03-14 16:40:15'),
(299, '2017-03-17 16:40:00', '2017-03-17 17:03:51'),
(300, '2017-03-17 20:02:00', '2017-03-17 20:10:47'),
(301, '2017-03-19 10:34:00', '2017-03-19 10:42:49'),
(302, '2017-03-20 08:03:00', '2017-03-20 08:09:55'),
(303, '2017-03-20 09:22:00', '2017-03-20 09:29:23'),
(304, '2017-03-20 09:19:00', '2017-03-20 09:39:36'),
(305, '2017-03-22 09:49:00', '2017-03-22 09:56:51'),
(306, '2017-03-22 13:32:00', '2017-03-22 13:39:46'),
(307, '2017-03-24 18:14:00', '2017-03-24 18:17:00'),
(308, '2017-03-26 18:34:00', '2017-03-26 18:38:20'),
(309, '2017-03-30 11:41:00', '2017-03-30 11:54:02'),
(310, '2017-04-03 11:43:00', '2017-04-03 12:27:18'),
(311, '2017-04-03 16:24:00', '2017-04-03 16:50:37'),
(312, '2017-04-10 16:24:00', '2017-04-10 16:30:31'),
(313, '2017-05-02 09:13:00', '2017-05-02 09:16:16'),
(314, '2017-05-02 14:45:00', '2017-05-02 14:53:32'),
(315, '2017-05-02 14:45:00', '2017-05-02 14:57:11'),
(316, '2017-05-02 15:00:00', '2017-05-02 15:07:27'),
(317, '2017-05-02 15:19:00', '2017-05-02 15:25:10'),
(318, '2017-05-02 15:19:00', '2017-05-02 15:28:44'),
(319, '2017-05-02 15:16:00', '2017-05-02 15:30:57'),
(320, '2017-05-02 15:30:00', '2017-05-02 15:39:47'),
(321, '2017-05-02 15:18:00', '2017-05-02 15:41:53'),
(322, '2017-05-02 15:31:00', '2017-05-02 15:49:26'),
(323, '2017-05-02 15:20:00', '2017-05-02 16:52:37'),
(324, '2017-05-02 20:43:00', '2017-05-02 20:44:55'),
(325, '2017-05-02 21:53:00', '2017-05-02 22:30:38'),
(327, '2017-05-04 10:32:00', '2017-05-04 10:43:27'),
(328, '2017-05-04 10:32:00', '2017-05-04 10:43:55'),
(329, '2017-05-04 10:32:00', '2017-05-04 10:44:44'),
(330, '2017-05-04 10:32:00', '2017-05-04 10:45:10'),
(331, '2017-05-04 10:32:00', '2017-05-04 10:47:43'),
(332, '2017-05-04 10:31:00', '2017-05-04 10:47:56'),
(333, '2017-05-04 10:38:00', '2017-05-04 10:48:43'),
(334, '2017-05-04 10:34:00', '2017-05-04 10:52:53'),
(335, '2017-05-04 10:37:00', '2017-05-04 10:53:27'),
(336, '2017-05-04 10:43:00', '2017-05-04 10:54:20'),
(337, '2017-05-04 10:58:00', '2017-05-04 11:00:07'),
(338, '2017-05-04 13:17:00', '2017-05-04 13:22:04'),
(339, '2017-05-04 13:17:00', '2017-05-04 13:23:12'),
(340, '2017-05-04 13:17:00', '2017-05-04 13:23:59'),
(341, '2017-05-04 13:16:00', '2017-05-04 13:25:21'),
(342, '2017-05-04 13:17:00', '2017-05-04 13:25:22'),
(343, '2017-05-04 15:15:00', '2017-05-04 15:26:06'),
(344, '2017-05-04 15:27:00', '2017-05-04 15:35:19'),
(345, '2017-05-04 15:27:00', '2017-05-04 15:37:14'),
(346, '2017-05-04 15:27:00', '2017-05-04 15:38:26'),
(347, '2017-05-04 15:32:00', '2017-05-04 15:41:42'),
(348, '2017-05-04 15:27:00', '2017-05-04 15:43:54'),
(349, '2017-05-04 16:50:00', '2017-05-04 17:00:08'),
(350, '2017-05-04 17:19:00', '2017-05-04 17:25:51'),
(351, '2017-05-04 17:19:00', '2017-05-04 17:28:44'),
(352, '2017-05-04 22:29:00', '2017-05-04 22:47:11'),
(353, '2017-05-04 23:35:00', '2017-05-04 23:50:31'),
(354, '2017-05-04 23:39:00', '2017-05-04 23:59:32'),
(355, '2017-05-05 16:23:00', '2017-05-05 16:24:41'),
(356, '2017-05-06 10:13:00', '2017-05-05 10:32:31'),
(357, '2017-05-06 22:21:00', '2017-05-05 22:30:38');

-- --------------------------------------------------------

--
-- Table structure for table `dimentions`
--

CREATE TABLE IF NOT EXISTS `dimentions` (
  `id` int(11) NOT NULL AUTO_INCREMENT,
  `bg_name` text NOT NULL,
  `en_name` text NOT NULL,
  PRIMARY KEY (`id`)
) ENGINE=InnoDB  DEFAULT CHARSET=utf8 AUTO_INCREMENT=100 ;

--
-- Dumping data for table `dimentions`
--

INSERT INTO `dimentions` (`id`, `bg_name`, `en_name`) VALUES
(0, 'Положителни  състояния', 'Positive states'),
(1, 'Отрицателни състояния', 'Negative states'),
(99, 'Противоречиви състояния', 'Ambivalent states');

-- --------------------------------------------------------

--
-- Table structure for table `domains`
--

CREATE TABLE IF NOT EXISTS `domains` (
  `id` int(11) NOT NULL AUTO_INCREMENT,
  `script_id` int(11) NOT NULL,
  `bg_name` text NOT NULL,
  `en_name` text NOT NULL,
  PRIMARY KEY (`id`)
) ENGINE=InnoDB  DEFAULT CHARSET=utf8 AUTO_INCREMENT=10 ;

--
-- Dumping data for table `domains`
--

INSERT INTO `domains` (`id`, `script_id`, `bg_name`, `en_name`) VALUES
(0, 0, 'Забавно', 'Amusement'),
(1, 0, 'Симпатия', 'Sympathy'),
(2, 0, 'Ентусиазъм', 'Enthusiasm'),
(3, 1, 'Неведение', 'Naivety'),
(4, 2, 'Гнет', 'Terror'),
(5, 2, 'Злоба', 'Rancor'),
(6, 3, 'Скръб', 'Grief'),
(7, 4, 'Неохота', 'Repugnance'),
(8, 5, 'Сдържаност', 'Coyness'),
(9, 0, 'Ободряване', 'Alleviation');

-- --------------------------------------------------------

--
-- Table structure for table `emotions`
--

CREATE TABLE IF NOT EXISTS `emotions` (
  `id` int(11) NOT NULL AUTO_INCREMENT,
  `bg_name` text NOT NULL,
  `en_name` text NOT NULL,
  `dimension_id` int(11) NOT NULL,
  `script_id` int(11) NOT NULL,
  `domain_id` int(11) NOT NULL,
  `string_id` int(11) NOT NULL,
  `tension_id` int(11) NOT NULL,
  PRIMARY KEY (`id`)
) ENGINE=InnoDB  DEFAULT CHARSET=utf8 AUTO_INCREMENT=90 ;

--
-- Dumping data for table `emotions`
--

INSERT INTO `emotions` (`id`, `bg_name`, `en_name`, `dimension_id`, `script_id`, `domain_id`, `string_id`, `tension_id`) VALUES
(0, 'Оживление', 'Hilarity', 0, 0, 0, 1, 0),
(1, 'Радост', 'Joy', 0, 0, 0, 1, 0),
(2, 'Жизнерадост', 'Mirth', 0, 0, 0, 1, 0),
(3, 'Щастие', 'Happiness', 0, 0, 0, 1, 1),
(4, 'Възрадване', 'Rejoice', 0, 0, 0, 1, 1),
(5, 'Веселие', 'Gaiety', 0, 0, 0, 1, 1),
(6, 'Ликуване', 'Glee', 0, 0, 0, 1, 2),
(7, 'Тържествуване', 'Triumph', 0, 0, 0, 1, 2),
(8, 'Блаженство', 'Bliss', 0, 0, 0, 1, 2),
(9, 'Влечение', 'Affinity', 0, 0, 1, 1, 0),
(10, 'Привличане', 'Affection', 0, 0, 1, 1, 0),
(11, 'Очарование', 'Fascination', 0, 0, 1, 1, 0),
(12, 'Изкушение', 'Temptation', 0, 0, 1, 1, 1),
(13, 'Любов', 'Love', 0, 0, 1, 1, 1),
(14, 'Страст', 'Desire', 0, 0, 1, 1, 1),
(15, 'Копнеж', 'Longing', 0, 0, 1, 1, 2),
(16, 'Възхита', 'Awe', 0, 0, 1, 1, 2),
(17, 'Обожание', 'Adoration', 0, 0, 1, 1, 2),
(18, 'Охота', 'Relish', 0, 0, 2, 2, 0),
(19, 'Интерес', 'Interest', 0, 0, 2, 2, 0),
(20, 'Любопитство', 'Curiosity', 0, 0, 2, 2, 0),
(21, 'Бдителност', 'Alertness', 0, 0, 2, 2, 1),
(22, 'Вълнение', 'Excitement', 0, 0, 2, 2, 1),
(23, 'Възторг', 'Elation', 0, 0, 2, 2, 1),
(24, 'Въодушевление', 'Exuberance', 0, 0, 2, 2, 2),
(25, 'Ненасита', 'Crave', 0, 0, 2, 2, 2),
(26, 'Жар', 'Zest', 0, 0, 2, 2, 2),
(27, 'Странно', 'Odd', 99, 1, 3, 2, 0),
(28, 'Колебание', 'Perplexity', 99, 1, 3, 2, 0),
(29, 'Недоумение', 'Puzzlement', 99, 1, 3, 2, 0),
(30, 'Озадачение', 'Bewilderment', 99, 1, 3, 2, 1),
(31, 'Учудване', 'Wonder', 99, 1, 3, 2, 1),
(32, 'Изненада', 'Surprise', 99, 1, 3, 2, 1),
(33, 'Изумление', 'Amazement', 99, 1, 3, 2, 2),
(34, 'Удивление', 'Astonishment', 99, 1, 3, 2, 2),
(35, 'Смайване', 'Astound', 99, 1, 3, 2, 2),
(36, 'Смут', 'Dismay', 1, 2, 4, 2, 0),
(37, 'Тревога', 'Worry', 1, 2, 4, 2, 0),
(38, 'Бoязън', 'Flinch', 1, 2, 4, 2, 0),
(39, 'Опасение', 'Dread', 1, 2, 4, 2, 1),
(40, 'Паника', 'Panic', 1, 2, 4, 2, 1),
(41, 'Страх', 'Fear', 1, 2, 4, 2, 1),
(42, 'Уплах', 'Scare', 1, 2, 4, 2, 2),
(43, 'Потрес', 'Aghast', 1, 2, 4, 2, 2),
(44, 'Ужас', 'Horror', 1, 2, 4, 2, 2),
(45, 'Раздразнение', 'Annoyance', 1, 2, 5, 1, 0),
(46, 'Яд', 'Exasperation', 1, 2, 5, 1, 0),
(47, 'Неприязън', 'Grudge', 1, 2, 5, 1, 0),
(48, 'Негодувание', 'Indignation', 1, 2, 5, 1, 1),
(49, 'Омраза', 'Resentment', 1, 2, 5, 1, 1),
(50, 'Гняв', 'Anger', 1, 2, 5, 1, 1),
(51, 'Ненавист', 'Hatred', 1, 2, 5, 1, 2),
(52, 'Възмущение', 'Outrage', 1, 2, 5, 1, 2),
(53, 'Ярост', 'Fury', 1, 2, 5, 1, 2),
(54, 'Тъга', 'Sadness', 1, 3, 6, 1, 0),
(55, 'Мъка', 'Torment', 1, 3, 6, 1, 0),
(56, 'Униние', 'Gloom', 1, 3, 6, 1, 0),
(57, 'Печал', 'Sorrow', 1, 3, 6, 1, 1),
(58, 'Горест', 'Hardship', 1, 3, 6, 1, 1),
(59, 'Покруса', 'Dejection', 1, 3, 6, 1, 1),
(60, 'Терзание', 'Anguish', 1, 3, 6, 1, 2),
(61, 'Отчаяние', 'Despair', 1, 3, 6, 1, 2),
(62, 'Агония', 'Agony', 1, 3, 6, 1, 2),
(63, 'Скука', 'Boredom', 1, 4, 7, 0, 0),
(64, 'Равнодушие', 'Listlessness ', 1, 4, 7, 0, 0),
(65, 'Пресита', 'Cloy ', 1, 4, 7, 0, 0),
(66, 'Отегчение', 'Tiresome', 1, 4, 7, 0, 1),
(67, 'Досада', 'Dullness', 1, 4, 7, 0, 1),
(68, 'Омерзение', 'Abomination', 1, 4, 7, 0, 1),
(69, 'Отвращение', 'Disgust', 1, 4, 7, 0, 2),
(70, 'Погнуса', 'Aversion', 1, 4, 7, 0, 2),
(71, 'Непоносимост', 'Loathing', 1, 4, 7, 0, 2),
(72, 'Свян', 'Shyness', 99, 5, 8, 0, 0),
(73, 'Неудобство', 'Embarrassment', 99, 5, 8, 0, 0),
(74, 'Неловкост', 'Awkward', 99, 5, 8, 0, 0),
(75, 'Срам', 'Shame', 99, 5, 8, 0, 1),
(76, 'Съжаление', 'Regret', 99, 5, 8, 0, 1),
(77, 'Обезсърчение', 'Discouragement', 99, 5, 8, 0, 1),
(78, 'Немилост', 'Disgrace', 99, 5, 8, 0, 2),
(79, 'Унижение', 'Humiliation', 99, 5, 8, 0, 2),
(80, 'Позор', 'Ignominy', 99, 5, 8, 0, 2),
(81, 'Покой', 'Soothe', 0, 0, 9, 0, 0),
(82, 'Спокойствие', 'Calmness', 0, 0, 9, 0, 0),
(83, 'Облекчение', 'Relief', 0, 0, 9, 0, 0),
(84, 'Утеха', 'Solace', 0, 0, 9, 0, 1),
(85, 'Разтуха', 'Assuage', 0, 0, 9, 0, 1),
(86, 'Лекота', 'Tranquility', 0, 0, 9, 0, 1),
(87, 'Нега', 'Sigh', 0, 0, 9, 0, 2),
(88, 'Доволство', 'Serenity', 0, 0, 9, 0, 2),
(89, 'Наслада', 'Delight', 0, 0, 9, 0, 2);

-- --------------------------------------------------------

--
-- Table structure for table `emotions_stat`
--

CREATE TABLE IF NOT EXISTS `emotions_stat` (
  `id` int(11) NOT NULL,
  `emotion_id` int(11) NOT NULL,
  `e_slider` int(11) NOT NULL
) ENGINE=InnoDB DEFAULT CHARSET=utf8;

--
-- Dumping data for table `emotions_stat`
--

INSERT INTO `emotions_stat` (`id`, `emotion_id`, `e_slider`) VALUES
(1, 17, 8),
(1, 47, 3),
(1, 76, 3),
(1, 88, 6),
(2, 3, 4),
(2, 13, 8),
(2, 50, 10),
(2, 61, 2),
(2, 67, 4),
(3, 2, 9),
(3, 10, 7),
(3, 16, 9),
(3, 22, 9),
(3, 24, 9),
(4, 17, 1),
(4, 47, 5),
(4, 67, 2),
(4, 69, 6),
(5, 24, 6),
(5, 52, 8),
(5, 66, 5),
(6, 18, 5),
(6, 37, 3),
(6, 65, 4),
(6, 83, 3),
(7, 1, 10),
(7, 10, 10),
(7, 19, 10),
(7, 22, 3),
(7, 63, 4),
(7, 82, 7),
(8, 20, 9),
(8, 30, 4),
(8, 45, 4),
(8, 64, 7),
(8, 82, 5),
(9, 0, 3),
(9, 17, 7),
(9, 60, 6),
(9, 75, 4),
(9, 82, 6),
(9, 86, 6),
(10, 16, 4),
(10, 24, 3),
(10, 31, 2),
(10, 48, 3),
(10, 55, 2),
(10, 79, 2),
(11, 15, 9),
(11, 50, 3),
(11, 56, 6),
(11, 57, 8),
(11, 60, 6),
(11, 61, 5),
(12, 20, 7),
(12, 45, 4),
(12, 56, 4),
(12, 63, 6),
(12, 74, 6),
(12, 82, 5),
(13, 15, 9),
(13, 50, 3),
(13, 56, 6),
(13, 57, 6),
(13, 60, 6),
(13, 61, 4),
(14, 15, 9),
(14, 50, 3),
(14, 56, 4),
(14, 57, 6),
(14, 60, 6),
(14, 61, 5),
(15, 28, 3),
(15, 30, 4),
(16, 0, 10),
(16, 8, 9),
(16, 54, 5),
(16, 63, 4),
(16, 72, 6),
(16, 81, 6),
(17, 28, 10),
(17, 49, 3),
(17, 54, 4),
(18, 45, 4),
(18, 49, 3),
(18, 69, 2),
(19, 37, 10),
(19, 40, 10),
(19, 41, 10),
(19, 54, 10),
(19, 61, 10),
(19, 76, 10),
(20, 0, 2),
(20, 20, 7),
(20, 45, 2),
(20, 47, 6),
(20, 83, 2),
(20, 89, 2),
(21, 18, 6),
(21, 19, 4),
(21, 27, 4),
(21, 28, 1),
(21, 36, 1),
(21, 37, 1),
(22, 13, 10),
(22, 22, 10),
(22, 28, 10),
(22, 54, 10),
(22, 75, 10),
(23, 63, 9),
(23, 82, 6),
(24, 6, 10),
(24, 13, 10),
(24, 20, 10),
(24, 28, 10),
(24, 43, 10),
(24, 63, 1),
(25, 45, 3),
(25, 50, 4),
(25, 58, 6),
(26, 14, 9),
(26, 29, 6),
(26, 36, 3),
(26, 48, 4),
(26, 57, 10),
(26, 73, 10),
(27, 3, 5),
(27, 13, 5),
(27, 14, 5),
(27, 15, 5),
(27, 16, 5),
(27, 17, 5),
(28, 10, 8),
(28, 14, 10),
(28, 29, 8),
(28, 36, 3),
(28, 75, 3),
(29, 12, 3),
(29, 15, 7),
(29, 39, 3),
(29, 46, 6),
(29, 50, 8),
(29, 77, 4),
(30, 2, 4),
(30, 10, 6),
(30, 37, 4),
(30, 54, 5),
(31, 1, 5),
(31, 5, 5),
(31, 37, 6),
(31, 76, 6),
(32, 22, 6),
(32, 55, 9),
(32, 63, 5),
(32, 75, 3),
(32, 76, 6),
(33, 14, 7),
(33, 24, 5),
(33, 50, 8),
(34, 10, 5),
(34, 64, 8),
(34, 87, 2),
(35, 5, 7),
(35, 12, 8),
(35, 24, 9),
(35, 55, 4),
(36, 8, 2),
(36, 14, 8),
(36, 15, 5),
(36, 16, 4),
(36, 19, 2),
(36, 45, 6),
(37, 3, 7),
(37, 13, 9),
(37, 22, 5),
(37, 32, 1),
(37, 37, 9),
(37, 50, 5),
(38, 19, 2),
(38, 32, 3),
(38, 71, 2),
(38, 89, 2),
(39, 1, 3),
(39, 44, 10),
(39, 50, 10),
(39, 53, 10),
(39, 71, 10),
(39, 82, 1),
(40, 3, 7),
(40, 13, 7),
(40, 20, 4),
(40, 63, 2),
(40, 73, 5),
(40, 83, 3),
(41, 40, 5),
(41, 49, 6),
(41, 50, 7),
(41, 61, 9),
(41, 71, 8),
(41, 77, 8),
(42, 0, 3),
(42, 3, 6),
(42, 14, 7),
(42, 19, 6),
(42, 82, 8),
(43, 3, 5),
(43, 11, 10),
(43, 55, 7),
(43, 61, 8),
(43, 76, 5),
(43, 83, 6),
(44, 3, 5),
(44, 11, 10),
(44, 55, 7),
(44, 61, 8),
(44, 76, 5),
(44, 83, 6),
(45, 6, 2),
(45, 9, 5),
(45, 34, 2),
(45, 45, 3),
(45, 67, 4),
(45, 75, 9),
(46, 1, 8),
(46, 8, 6),
(46, 14, 10),
(46, 58, 5),
(46, 72, 9),
(46, 83, 7),
(47, 30, 4),
(47, 41, 7),
(47, 50, 3),
(47, 55, 5),
(47, 68, 9),
(47, 74, 8),
(48, 3, 2),
(48, 10, 1),
(48, 43, 3),
(48, 63, 2),
(48, 74, 3),
(48, 88, 4),
(49, 13, 10),
(49, 41, 8),
(49, 54, 10),
(49, 55, 10),
(49, 61, 4),
(49, 62, 10),
(50, 3, 3),
(50, 10, 3),
(50, 22, 3),
(50, 43, 4),
(50, 63, 4),
(50, 74, 3),
(51, 2, 8),
(51, 13, 10),
(51, 20, 2),
(51, 37, 3),
(51, 47, 1),
(51, 82, 1),
(52, 5, 5),
(52, 48, 1),
(53, 10, 1),
(53, 20, 9),
(53, 28, 5),
(54, 22, 8),
(54, 28, 10),
(54, 41, 8),
(54, 54, 10),
(54, 75, 10),
(55, 1, 8),
(55, 13, 8),
(55, 81, 8),
(55, 86, 8),
(55, 88, 8),
(56, 3, 8),
(56, 13, 10),
(56, 28, 5),
(56, 63, 3),
(56, 73, 2),
(57, 2, 9),
(57, 13, 10),
(57, 20, 6),
(58, 17, 1),
(58, 47, 5),
(58, 67, 2),
(58, 69, 6),
(59, 18, 5),
(59, 37, 3),
(59, 65, 4),
(59, 83, 3),
(60, 7, 9),
(60, 48, 3),
(61, 13, 9),
(61, 48, 7),
(61, 61, 5),
(61, 67, 4),
(62, 0, 1),
(62, 11, 4),
(62, 66, 9),
(62, 67, 9),
(63, 28, 7),
(63, 41, 4),
(63, 48, 8),
(63, 71, 7),
(63, 75, 9),
(64, 17, 9),
(64, 25, 4),
(64, 39, 4),
(64, 47, 8),
(64, 74, 10),
(65, 2, 7),
(65, 20, 9),
(65, 67, 4),
(66, 5, 5),
(66, 13, 6),
(66, 41, 3),
(66, 78, 8),
(67, 2, 9),
(67, 13, 7),
(67, 40, 3),
(67, 74, 4),
(68, 9, 6),
(68, 20, 2),
(68, 28, 6),
(68, 45, 9),
(68, 89, 1),
(69, 0, 7),
(69, 18, 8),
(69, 25, 5),
(69, 83, 9),
(70, 13, 8),
(70, 50, 3),
(70, 64, 8),
(70, 77, 9),
(71, 13, 9),
(71, 28, 7),
(71, 48, 8),
(71, 58, 6),
(71, 66, 4),
(71, 76, 6),
(72, 55, 7),
(72, 61, 7),
(72, 66, 6),
(72, 73, 10),
(72, 75, 5),
(73, 1, 1),
(73, 58, 7),
(74, 1, 4),
(74, 13, 5),
(74, 28, 3),
(74, 36, 3),
(74, 55, 5),
(74, 66, 4),
(74, 76, 5),
(75, 12, 3),
(75, 39, 4),
(75, 55, 3),
(75, 83, 7),
(76, 2, 7),
(76, 13, 10),
(76, 19, 2),
(76, 29, 1),
(76, 37, 3),
(76, 47, 1),
(77, 2, 5),
(77, 13, 6),
(77, 20, 7),
(77, 28, 3),
(77, 37, 5),
(77, 65, 4),
(77, 83, 3),
(78, 14, 6),
(78, 47, 10),
(78, 50, 6),
(78, 66, 2),
(78, 74, 3),
(79, 2, 9),
(79, 13, 10),
(79, 19, 5),
(79, 37, 4),
(79, 47, 1),
(79, 82, 4),
(79, 83, 3),
(80, 5, 5),
(80, 15, 9),
(80, 28, 6),
(80, 47, 8),
(80, 55, 7),
(80, 73, 2),
(81, 5, 10),
(81, 20, 10),
(81, 30, 3),
(81, 37, 5),
(81, 48, 10),
(81, 67, 10),
(82, 3, 5),
(82, 13, 9),
(82, 20, 6),
(82, 37, 6),
(82, 49, 8),
(82, 63, 2),
(83, 0, 4),
(83, 1, 10),
(83, 2, 10),
(83, 3, 9),
(83, 5, 10),
(83, 8, 8),
(83, 9, 10),
(83, 10, 10),
(83, 12, 5),
(83, 13, 9),
(83, 14, 9),
(83, 15, 10),
(83, 18, 8),
(83, 19, 10),
(83, 20, 8),
(83, 24, 3),
(83, 25, 5),
(83, 26, 10),
(83, 28, 10),
(83, 32, 5),
(83, 35, 1),
(83, 36, 1),
(83, 39, 1),
(83, 41, 5),
(83, 47, 1),
(83, 48, 1),
(83, 52, 1),
(83, 55, 10),
(83, 58, 10),
(83, 61, 6),
(83, 64, 3),
(83, 72, 5),
(83, 75, 3),
(83, 76, 5),
(83, 77, 6),
(83, 79, 5),
(83, 82, 8),
(83, 85, 9),
(83, 87, 10),
(83, 88, 5),
(84, 13, 10),
(84, 15, 5),
(84, 37, 9),
(84, 40, 3),
(84, 50, 4),
(84, 54, 4),
(84, 61, 6),
(84, 75, 4),
(85, 2, 4),
(85, 3, 4),
(85, 6, 1),
(85, 13, 7),
(85, 16, 4),
(85, 19, 3),
(85, 20, 10),
(85, 22, 3),
(85, 49, 9),
(85, 50, 1),
(85, 53, 1),
(85, 54, 7),
(85, 55, 7),
(85, 61, 1),
(85, 63, 10),
(85, 64, 6),
(85, 65, 1),
(85, 66, 10),
(85, 67, 10),
(85, 71, 10),
(85, 81, 1),
(85, 82, 1),
(85, 86, 2),
(85, 88, 4),
(85, 89, 3),
(86, 7, 8),
(86, 21, 5),
(86, 32, 4),
(86, 56, 7),
(86, 66, 8),
(87, 24, 6),
(87, 48, 7),
(87, 77, 9),
(88, 1, 6),
(88, 21, 9),
(88, 30, 8),
(88, 88, 6),
(89, 6, 7),
(89, 22, 9),
(89, 27, 1),
(89, 39, 2),
(89, 67, 10),
(89, 83, 9),
(90, 0, 5),
(90, 1, 5),
(90, 2, 4),
(90, 10, 10),
(90, 13, 10),
(90, 18, 4),
(90, 19, 4),
(90, 20, 4),
(90, 28, 10),
(90, 36, 10),
(90, 37, 10),
(90, 38, 10),
(90, 39, 10),
(90, 40, 10),
(90, 41, 5),
(90, 48, 7),
(90, 54, 8),
(90, 55, 9),
(90, 56, 9),
(90, 57, 9),
(90, 58, 10),
(90, 59, 10),
(90, 63, 3),
(90, 64, 3),
(90, 65, 3),
(90, 74, 5),
(90, 81, 7),
(90, 82, 7),
(90, 83, 7),
(90, 84, 7),
(91, 2, 4),
(91, 13, 10),
(91, 20, 3),
(91, 29, 7),
(91, 41, 10),
(91, 48, 5),
(91, 58, 10),
(91, 65, 4),
(91, 86, 5),
(92, 5, 4),
(92, 11, 6),
(92, 20, 8),
(92, 29, 3),
(92, 40, 9),
(92, 41, 7),
(92, 54, 7),
(92, 55, 9),
(92, 62, 10),
(92, 73, 5),
(93, 2, 6),
(93, 3, 6),
(93, 15, 6),
(93, 16, 3),
(93, 20, 8),
(93, 22, 3),
(93, 34, 3),
(93, 35, 3),
(93, 36, 8),
(93, 37, 6),
(93, 50, 6),
(93, 52, 7),
(93, 54, 6),
(93, 55, 6),
(93, 63, 4),
(93, 67, 4),
(93, 73, 3),
(93, 77, 6),
(93, 82, 8),
(93, 83, 6),
(94, 16, 4),
(94, 19, 4),
(94, 20, 9),
(94, 25, 1),
(94, 63, 2),
(94, 66, 2),
(94, 73, 2),
(94, 77, 3),
(95, 5, 5),
(95, 10, 8),
(95, 12, 8),
(95, 20, 7),
(95, 28, 2),
(95, 39, 2),
(95, 40, 3),
(95, 45, 2),
(95, 52, 2),
(95, 73, 3),
(95, 75, 4),
(95, 79, 4),
(96, 9, 9),
(96, 28, 5),
(96, 37, 9),
(96, 56, 6),
(96, 66, 5),
(96, 75, 7),
(97, 1, 7),
(97, 3, 7),
(97, 23, 4),
(97, 37, 9),
(98, 0, 4),
(98, 10, 9),
(98, 12, 8),
(98, 14, 8),
(98, 15, 10),
(98, 19, 9),
(98, 24, 9),
(98, 25, 10),
(98, 28, 10),
(98, 32, 5),
(98, 39, 6),
(98, 75, 4),
(98, 89, 7),
(99, 2, 6),
(99, 16, 6),
(99, 19, 6),
(99, 20, 5),
(99, 37, 4),
(99, 66, 7),
(100, 10, 9),
(100, 15, 9),
(100, 40, 3),
(100, 48, 2),
(100, 77, 8),
(101, 1, 5),
(101, 10, 8),
(101, 20, 10),
(101, 39, 2),
(101, 64, 4),
(101, 74, 2),
(101, 82, 8),
(102, 3, 1),
(102, 10, 5),
(102, 27, 9),
(102, 50, 1),
(102, 55, 6),
(102, 67, 3),
(103, 1, 9),
(103, 14, 9),
(103, 24, 8),
(103, 41, 5),
(103, 48, 5),
(103, 50, 2),
(103, 53, 1),
(104, 2, 5),
(104, 5, 4),
(104, 14, 6),
(104, 21, 8),
(104, 25, 4),
(104, 28, 6),
(104, 37, 7),
(104, 39, 5),
(104, 41, 3),
(104, 47, 6),
(104, 48, 5),
(104, 50, 2),
(104, 55, 7),
(104, 60, 5),
(104, 63, 3),
(104, 68, 5),
(104, 71, 4),
(104, 76, 6),
(104, 87, 8),
(105, 5, 6),
(105, 13, 5),
(105, 19, 5),
(105, 40, 2),
(105, 48, 7),
(105, 55, 6),
(105, 67, 3),
(105, 73, 5),
(105, 82, 6),
(106, 22, 5),
(106, 28, 5),
(107, 10, 6),
(107, 28, 4),
(108, 2, 7),
(108, 13, 10),
(108, 22, 1),
(108, 27, 2),
(108, 37, 5),
(108, 45, 2),
(108, 54, 5),
(108, 63, 1),
(108, 75, 7),
(108, 82, 10),
(109, 1, 8),
(109, 5, 7),
(109, 11, 6),
(109, 13, 10),
(109, 15, 4),
(109, 20, 4),
(109, 23, 3),
(109, 28, 6),
(109, 32, 2),
(109, 82, 7),
(109, 88, 6),
(110, 10, 7),
(110, 13, 9),
(110, 38, 1),
(110, 50, 1),
(110, 66, 1),
(110, 67, 1),
(110, 76, 1),
(111, 0, 3),
(111, 2, 2),
(111, 13, 10),
(111, 15, 8),
(111, 17, 10),
(111, 22, 4),
(111, 28, 3),
(111, 30, 2),
(111, 48, 5),
(111, 49, 9),
(111, 54, 10),
(111, 63, 7),
(111, 67, 10),
(111, 74, 4),
(111, 83, 4),
(112, 0, 3),
(112, 5, 2),
(112, 9, 6),
(112, 10, 7),
(112, 19, 7),
(112, 20, 5),
(112, 27, 1),
(112, 29, 1),
(112, 36, 1),
(112, 37, 2),
(112, 45, 2),
(112, 46, 3),
(112, 54, 2),
(112, 57, 2),
(112, 64, 6),
(112, 67, 5),
(112, 73, 2),
(112, 75, 3),
(112, 81, 2),
(112, 89, 2),
(113, 5, 1),
(113, 34, 1),
(113, 37, 8),
(113, 63, 8),
(114, 0, 5),
(114, 14, 10),
(114, 20, 9),
(114, 23, 8),
(114, 26, 10),
(114, 32, 8),
(114, 35, 10),
(114, 41, 7),
(114, 45, 5),
(114, 71, 10),
(114, 76, 8),
(115, 3, 4),
(115, 11, 8),
(115, 30, 3),
(115, 63, 6),
(115, 72, 2),
(115, 82, 7),
(116, 5, 1),
(116, 7, 3),
(116, 9, 7),
(116, 13, 8),
(116, 15, 7),
(116, 37, 9),
(116, 40, 4),
(116, 42, 4),
(116, 44, 7),
(116, 50, 9),
(116, 52, 9),
(116, 53, 7),
(116, 66, 7),
(116, 69, 9),
(116, 76, 5),
(117, 0, 5),
(117, 1, 4),
(118, 37, 4),
(118, 84, 7),
(119, 12, 10),
(119, 14, 10),
(119, 15, 10),
(119, 24, 10),
(119, 40, 10),
(119, 41, 10),
(119, 46, 10),
(119, 49, 10),
(119, 50, 10),
(119, 53, 10),
(119, 54, 10),
(119, 55, 10),
(119, 63, 10),
(119, 88, 10),
(120, 20, 2),
(120, 64, 10),
(121, 3, 8),
(121, 5, 3),
(121, 8, 10),
(121, 9, 10),
(121, 11, 10),
(121, 14, 10),
(121, 17, 5),
(121, 18, 6),
(121, 19, 10),
(121, 20, 10),
(121, 21, 10),
(121, 23, 10),
(121, 24, 10),
(121, 27, 4),
(121, 30, 10),
(121, 31, 3),
(121, 32, 2),
(121, 33, 3),
(121, 34, 6),
(121, 35, 2),
(121, 36, 1),
(121, 39, 1),
(121, 45, 3),
(121, 50, 2),
(121, 54, 4),
(121, 55, 10),
(121, 60, 2),
(121, 62, 5),
(121, 66, 3),
(121, 71, 2),
(121, 75, 1),
(121, 76, 10),
(121, 77, 1),
(121, 82, 10),
(121, 88, 7),
(121, 89, 10),
(122, 3, 7),
(122, 13, 10),
(122, 14, 8),
(122, 41, 8),
(122, 48, 5),
(122, 67, 6),
(122, 76, 3),
(122, 87, 7),
(123, 0, 4),
(123, 1, 2),
(123, 2, 2),
(123, 3, 2),
(123, 18, 2),
(123, 19, 2),
(123, 20, 10),
(123, 21, 3),
(123, 22, 4),
(123, 23, 5),
(123, 24, 3),
(123, 27, 5),
(123, 29, 7),
(123, 30, 4),
(123, 31, 6),
(123, 32, 10),
(123, 33, 3),
(123, 45, 10),
(123, 46, 10),
(123, 47, 10),
(123, 48, 10),
(123, 49, 5),
(123, 50, 10),
(123, 51, 7),
(123, 52, 9),
(123, 53, 10),
(123, 54, 5),
(123, 55, 6),
(123, 63, 10),
(123, 64, 6),
(123, 65, 4),
(123, 66, 10),
(123, 67, 7),
(123, 68, 5),
(123, 69, 4),
(123, 70, 6),
(123, 71, 6),
(123, 81, 4),
(123, 82, 7),
(123, 83, 6),
(123, 84, 7),
(124, 1, 3),
(124, 19, 5),
(124, 23, 1),
(124, 30, 8),
(124, 35, 4),
(124, 40, 9),
(124, 48, 10),
(124, 53, 7),
(124, 55, 3),
(124, 63, 7),
(124, 67, 5),
(124, 73, 6),
(124, 83, 9),
(125, 9, 1),
(125, 10, 1),
(125, 13, 1),
(125, 16, 1),
(125, 31, 1),
(125, 37, 1),
(125, 86, 1),
(126, 19, 6),
(126, 75, 10),
(126, 76, 5),
(127, 1, 5),
(127, 54, 4),
(128, 54, 4),
(128, 84, 8),
(128, 88, 6),
(129, 10, 4),
(129, 19, 4),
(129, 30, 1),
(129, 64, 2),
(129, 82, 10),
(130, 10, 4),
(130, 19, 4),
(130, 30, 1),
(130, 64, 2),
(130, 82, 10),
(131, 13, 6),
(131, 61, 10),
(132, 0, 1),
(132, 9, 1),
(132, 18, 1),
(132, 27, 1),
(132, 36, 1),
(132, 45, 1),
(132, 54, 1),
(132, 63, 1),
(132, 72, 1),
(132, 81, 1),
(133, 63, 1),
(133, 64, 1),
(134, 1, 1),
(134, 2, 1),
(134, 25, 1),
(134, 27, 1),
(134, 29, 1),
(134, 63, 1),
(134, 64, 1),
(134, 65, 1),
(134, 66, 1),
(134, 67, 1),
(135, 5, 1),
(135, 14, 8),
(135, 20, 10),
(135, 21, 6),
(135, 22, 10),
(135, 28, 4),
(135, 45, 1),
(135, 88, 6),
(136, 5, 6),
(136, 38, 8),
(137, 23, 3),
(137, 33, 8),
(137, 37, 9),
(138, 40, 8),
(138, 45, 4),
(138, 82, 1),
(139, 61, 8),
(139, 63, 4),
(140, 13, 10),
(140, 37, 6),
(140, 41, 3),
(140, 43, 1),
(140, 50, 5),
(140, 55, 8),
(140, 61, 10),
(141, 12, 2),
(141, 36, 9),
(141, 45, 5),
(141, 50, 1),
(141, 64, 7),
(142, 12, 2),
(142, 19, 2),
(142, 25, 6),
(142, 28, 10),
(142, 36, 7),
(142, 45, 3),
(142, 50, 5),
(142, 64, 8),
(142, 69, 8),
(142, 71, 4),
(142, 75, 5),
(143, 3, 9),
(143, 5, 8),
(143, 19, 7),
(143, 22, 6),
(143, 28, 4),
(143, 67, 10),
(143, 82, 10),
(144, 43, 2),
(144, 45, 5),
(144, 61, 9),
(144, 82, 1),
(145, 3, 1),
(145, 5, 4),
(145, 9, 8),
(145, 10, 7),
(145, 13, 6),
(145, 14, 7),
(145, 15, 6),
(145, 21, 5),
(145, 29, 7),
(145, 39, 4),
(145, 50, 9),
(145, 61, 6),
(145, 66, 7),
(145, 76, 4),
(146, 1, 4),
(146, 9, 8),
(146, 50, 2),
(147, 3, 8),
(147, 24, 6),
(147, 56, 4),
(147, 86, 10),
(148, 12, 2),
(148, 13, 5),
(148, 14, 3),
(148, 15, 3),
(148, 21, 7),
(148, 29, 5),
(148, 37, 10),
(148, 46, 9),
(148, 54, 8),
(148, 55, 3),
(149, 0, 4),
(149, 1, 6),
(149, 10, 10),
(149, 13, 10),
(149, 14, 10),
(149, 15, 10),
(149, 19, 10),
(149, 20, 9),
(149, 22, 8),
(149, 29, 10),
(149, 36, 10),
(149, 39, 10),
(149, 41, 10),
(149, 45, 2),
(149, 52, 5),
(149, 63, 10),
(149, 66, 10),
(149, 67, 10),
(149, 75, 8),
(149, 79, 1),
(149, 83, 5),
(149, 84, 1),
(150, 1, 3),
(150, 19, 9),
(150, 28, 5),
(150, 46, 6),
(150, 80, 10),
(151, 5, 3),
(151, 9, 2),
(151, 10, 9),
(151, 12, 9),
(151, 19, 5),
(151, 25, 2),
(151, 45, 4),
(151, 54, 6),
(151, 56, 5),
(151, 63, 5),
(151, 81, 3),
(151, 89, 2),
(152, 3, 8),
(152, 5, 8),
(152, 10, 6),
(152, 12, 5),
(152, 13, 10),
(152, 19, 10),
(152, 20, 7),
(152, 24, 7),
(152, 25, 7),
(152, 32, 3),
(152, 37, 1),
(152, 52, 1),
(152, 64, 1),
(152, 82, 6),
(152, 83, 8),
(152, 88, 8),
(152, 89, 8),
(153, 1, 5),
(153, 5, 4),
(153, 10, 5),
(153, 14, 4),
(153, 15, 6),
(153, 19, 3),
(153, 32, 2),
(153, 40, 2),
(153, 45, 3),
(153, 54, 6),
(153, 61, 3),
(153, 64, 9),
(153, 82, 8),
(154, 2, 4),
(154, 10, 7),
(155, 2, 4),
(155, 3, 7),
(155, 5, 4),
(155, 13, 9),
(155, 15, 6),
(155, 19, 6),
(155, 20, 5),
(155, 22, 8),
(155, 45, 4),
(155, 46, 6),
(155, 60, 5),
(155, 74, 4),
(155, 88, 4),
(156, 1, 5),
(156, 2, 8),
(156, 3, 9),
(156, 5, 10),
(156, 12, 6),
(156, 13, 7),
(156, 15, 6),
(156, 19, 5),
(156, 20, 7),
(156, 24, 5),
(156, 25, 6),
(156, 26, 4),
(156, 29, 4),
(156, 82, 10),
(156, 89, 10),
(157, 3, 9),
(157, 13, 10),
(157, 19, 6),
(157, 24, 3),
(157, 51, 5),
(157, 66, 4),
(157, 67, 7),
(157, 89, 4),
(158, 1, 6),
(158, 3, 6),
(158, 5, 4),
(158, 6, 9),
(158, 8, 1),
(158, 10, 7),
(158, 14, 5),
(158, 17, 10),
(158, 19, 3),
(158, 25, 8),
(158, 47, 9),
(158, 54, 5),
(158, 67, 9),
(158, 68, 5),
(158, 89, 7),
(159, 2, 4),
(159, 6, 4),
(159, 10, 10),
(159, 14, 5),
(159, 21, 2),
(159, 24, 7),
(159, 29, 9),
(159, 34, 2),
(159, 36, 1),
(159, 37, 5),
(159, 47, 8),
(159, 48, 6),
(159, 56, 5),
(159, 60, 1),
(159, 66, 2),
(159, 68, 1),
(159, 73, 6),
(159, 75, 5),
(159, 76, 7),
(159, 81, 5),
(159, 88, 3),
(160, 1, 5),
(160, 3, 5),
(160, 86, 8),
(161, 1, 6),
(161, 3, 10),
(161, 22, 6),
(161, 24, 5),
(161, 28, 4),
(161, 45, 7),
(161, 46, 6),
(161, 86, 9),
(162, 12, 6),
(162, 20, 9),
(162, 36, 3),
(162, 41, 10),
(162, 46, 2),
(162, 54, 7),
(162, 61, 4),
(162, 70, 6),
(162, 72, 3),
(162, 75, 5),
(162, 86, 8),
(163, 5, 9),
(163, 14, 7),
(163, 23, 5),
(163, 31, 4),
(163, 40, 4),
(163, 50, 5),
(163, 61, 6),
(163, 67, 6),
(163, 75, 6),
(163, 84, 6),
(164, 1, 4),
(164, 81, 1),
(165, 5, 1),
(165, 12, 10),
(165, 23, 3),
(165, 28, 10),
(165, 37, 4),
(165, 46, 2),
(165, 48, 4),
(165, 61, 2),
(165, 63, 6),
(165, 67, 6),
(165, 77, 3),
(165, 80, 1),
(165, 89, 1),
(166, 0, 5),
(166, 1, 3),
(166, 15, 3),
(166, 20, 2),
(166, 22, 2),
(166, 36, 8),
(166, 50, 5),
(166, 53, 9),
(166, 64, 2),
(166, 81, 2),
(166, 82, 2),
(167, 0, 1),
(167, 2, 1),
(167, 9, 1),
(167, 10, 10),
(167, 11, 1),
(167, 12, 1),
(167, 13, 10),
(167, 14, 10),
(167, 15, 1),
(167, 19, 10),
(167, 20, 10),
(167, 22, 10),
(167, 24, 1),
(167, 25, 10),
(167, 26, 10),
(167, 27, 1),
(167, 28, 6),
(167, 29, 1),
(167, 31, 4),
(167, 36, 1),
(167, 37, 1),
(167, 38, 1),
(167, 39, 1),
(167, 45, 3),
(167, 46, 1),
(167, 47, 1),
(167, 52, 1),
(167, 54, 7),
(167, 55, 7),
(167, 63, 1),
(167, 66, 3),
(167, 67, 1),
(167, 71, 9),
(167, 73, 1),
(167, 74, 1),
(167, 76, 5),
(167, 82, 5),
(167, 84, 1),
(167, 85, 1),
(168, 7, 8),
(168, 15, 9),
(168, 24, 8),
(168, 42, 4),
(168, 52, 10),
(168, 89, 4),
(169, 19, 4),
(169, 55, 7),
(170, 0, 3),
(170, 20, 4),
(170, 37, 6),
(170, 45, 4),
(170, 55, 7),
(170, 76, 8),
(170, 83, 4),
(171, 21, 8),
(171, 28, 5),
(171, 32, 3),
(171, 37, 5),
(171, 50, 2),
(171, 82, 7),
(171, 83, 2),
(172, 5, 10),
(172, 9, 10),
(172, 14, 10),
(172, 40, 7),
(172, 75, 7),
(172, 84, 7),
(173, 5, 10),
(173, 9, 10),
(173, 14, 10),
(173, 40, 7),
(173, 75, 7),
(173, 84, 7),
(174, 1, 8),
(174, 3, 8),
(174, 5, 7),
(174, 9, 3),
(174, 11, 8),
(174, 12, 9),
(174, 13, 10),
(174, 15, 2),
(174, 17, 1),
(174, 19, 7),
(174, 20, 8),
(174, 21, 5),
(174, 22, 8),
(174, 27, 1),
(174, 28, 3),
(174, 31, 1),
(174, 32, 2),
(174, 37, 2),
(174, 41, 6),
(174, 45, 2),
(174, 48, 3),
(174, 50, 2),
(174, 54, 4),
(174, 55, 2),
(174, 63, 2),
(174, 66, 2),
(174, 73, 2),
(174, 81, 7),
(174, 82, 6),
(174, 86, 5),
(174, 88, 7),
(174, 89, 9),
(175, 29, 10),
(175, 86, 10),
(176, 8, 3),
(176, 10, 8),
(176, 14, 4),
(176, 15, 5),
(176, 20, 5),
(176, 37, 4),
(176, 65, 3),
(177, 22, 6),
(177, 75, 1),
(178, 0, 1),
(178, 2, 1),
(178, 11, 10),
(178, 16, 10),
(178, 19, 10),
(178, 20, 10),
(178, 21, 1),
(178, 22, 1),
(178, 23, 1),
(178, 37, 10),
(178, 48, 1),
(178, 71, 10),
(178, 76, 10),
(179, 0, 6),
(179, 37, 9),
(180, 3, 9),
(180, 13, 10),
(180, 19, 6),
(180, 49, 7),
(180, 50, 7),
(180, 63, 4),
(180, 82, 7),
(181, 0, 6),
(181, 13, 5),
(181, 14, 7),
(181, 19, 4),
(181, 22, 4),
(181, 37, 6),
(181, 45, 3),
(181, 54, 3),
(181, 87, 4),
(182, 2, 9),
(182, 20, 10),
(183, 11, 4),
(183, 24, 3),
(184, 9, 1),
(184, 30, 1),
(185, 2, 5),
(185, 5, 6),
(185, 15, 3),
(185, 21, 5),
(185, 37, 8),
(185, 39, 8),
(185, 45, 8),
(185, 47, 8),
(185, 50, 8),
(185, 73, 5),
(185, 88, 5),
(186, 20, 10),
(186, 24, 5),
(187, 3, 8),
(187, 7, 2),
(187, 13, 8),
(187, 14, 9),
(187, 20, 2),
(187, 21, 7),
(187, 22, 6),
(187, 24, 9),
(187, 32, 10),
(187, 39, 10),
(187, 41, 7),
(187, 75, 5),
(187, 86, 6),
(187, 89, 8),
(188, 2, 10),
(188, 15, 5),
(188, 39, 2),
(188, 52, 2),
(188, 71, 5),
(188, 81, 10),
(189, 2, 7),
(189, 3, 9),
(189, 13, 9),
(189, 14, 4),
(189, 22, 6),
(189, 82, 7),
(190, 0, 4),
(190, 12, 7),
(190, 13, 9),
(190, 15, 8),
(190, 28, 5),
(190, 41, 7),
(190, 54, 5),
(190, 75, 3),
(190, 82, 6),
(191, 0, 4),
(191, 2, 2),
(191, 10, 8),
(191, 11, 6),
(191, 12, 5),
(191, 21, 6),
(191, 22, 6),
(191, 28, 8),
(191, 30, 8),
(191, 37, 10),
(191, 39, 10),
(191, 40, 10),
(191, 41, 8),
(191, 42, 2),
(191, 45, 8),
(191, 46, 7),
(191, 47, 10),
(191, 52, 3),
(191, 54, 4),
(191, 55, 4),
(191, 56, 10),
(191, 64, 3),
(191, 67, 6),
(191, 72, 10),
(191, 73, 10),
(191, 75, 9),
(191, 86, 4),
(191, 88, 5),
(192, 1, 5),
(192, 24, 9),
(192, 29, 5),
(192, 36, 3),
(192, 55, 9),
(192, 89, 3),
(193, 1, 8),
(193, 19, 3),
(193, 51, 6),
(193, 52, 5),
(193, 55, 3),
(193, 67, 3),
(193, 76, 4),
(193, 82, 1),
(194, 13, 1),
(194, 19, 1),
(195, 1, 3),
(195, 5, 4),
(195, 7, 3),
(195, 39, 4),
(195, 41, 8),
(195, 46, 7),
(195, 48, 9),
(195, 52, 9),
(195, 55, 4),
(195, 60, 5),
(195, 63, 7),
(195, 67, 8),
(195, 68, 4),
(195, 83, 3),
(195, 88, 5),
(196, 2, 5),
(196, 5, 5),
(196, 13, 6),
(196, 20, 4),
(196, 25, 4),
(196, 28, 5),
(196, 37, 5),
(196, 45, 5),
(196, 54, 5),
(196, 70, 5),
(196, 73, 6),
(196, 74, 6),
(196, 76, 6),
(196, 79, 5),
(196, 81, 8),
(196, 82, 9),
(197, 2, 6),
(197, 5, 6),
(197, 13, 6),
(197, 20, 5),
(197, 25, 5),
(197, 28, 5),
(197, 37, 5),
(197, 45, 4),
(197, 54, 5),
(197, 56, 5),
(197, 63, 5),
(197, 70, 5),
(197, 73, 5),
(197, 76, 5),
(197, 77, 5),
(197, 79, 5),
(197, 81, 6),
(197, 82, 6),
(197, 88, 6),
(198, 27, 2),
(198, 53, 2),
(198, 54, 2),
(198, 66, 2),
(199, 6, 2),
(199, 11, 10),
(199, 19, 6),
(199, 27, 5),
(199, 39, 7),
(199, 45, 1),
(199, 54, 1),
(199, 63, 1),
(199, 73, 1),
(199, 82, 10),
(200, 11, 5),
(200, 27, 9),
(200, 41, 7),
(200, 46, 7),
(200, 61, 5),
(200, 77, 7),
(201, 1, 10),
(201, 27, 4),
(201, 46, 3),
(201, 51, 9),
(201, 66, 5),
(201, 67, 7),
(201, 76, 9),
(202, 22, 5),
(202, 50, 1),
(203, 20, 9),
(203, 39, 8),
(203, 46, 3),
(203, 63, 7),
(204, 12, 1),
(204, 20, 1),
(204, 27, 6),
(205, 2, 7),
(205, 19, 8),
(205, 45, 3),
(205, 54, 5),
(205, 66, 6),
(205, 77, 4),
(205, 89, 5),
(206, 0, 2),
(206, 29, 2),
(206, 45, 3),
(206, 48, 6),
(206, 66, 4),
(206, 82, 6),
(207, 20, 8),
(207, 48, 3),
(207, 58, 6),
(207, 82, 8),
(208, 3, 5),
(208, 14, 3),
(208, 16, 8),
(208, 20, 10),
(208, 21, 10),
(208, 30, 3),
(208, 34, 8),
(208, 60, 3),
(208, 89, 5),
(209, 1, 5),
(209, 10, 6),
(209, 20, 8),
(209, 22, 5),
(209, 37, 5),
(210, 2, 5),
(210, 7, 6),
(210, 12, 2),
(210, 23, 3),
(210, 54, 1),
(210, 86, 5),
(211, 2, 5),
(211, 14, 8),
(211, 19, 6),
(211, 24, 6),
(211, 45, 4),
(211, 54, 3),
(211, 73, 5),
(212, 0, 4),
(212, 14, 7),
(212, 45, 5),
(212, 67, 8),
(213, 1, 5),
(213, 19, 5),
(213, 56, 3),
(213, 67, 4),
(213, 88, 5),
(214, 20, 2),
(214, 45, 3),
(214, 63, 4),
(215, 5, 3),
(215, 15, 6),
(215, 21, 5),
(215, 36, 2),
(215, 39, 2),
(215, 45, 2),
(215, 55, 4),
(215, 65, 5),
(215, 74, 2),
(215, 76, 3),
(215, 82, 4),
(215, 83, 2),
(215, 85, 3),
(216, 1, 2),
(216, 5, 4),
(216, 21, 3),
(216, 24, 5),
(216, 45, 4),
(216, 46, 3),
(216, 63, 3),
(216, 67, 1),
(217, 1, 4),
(217, 3, 5),
(217, 12, 3),
(217, 19, 8),
(217, 20, 8),
(217, 22, 5),
(217, 28, 7),
(217, 30, 3),
(217, 33, 4),
(217, 37, 5),
(217, 39, 4),
(217, 45, 4),
(217, 52, 3),
(217, 55, 4),
(217, 60, 5),
(217, 61, 4),
(217, 70, 3),
(217, 74, 5),
(217, 75, 4),
(217, 77, 3),
(217, 81, 4),
(217, 82, 4),
(217, 83, 3),
(217, 88, 4),
(218, 13, 10),
(218, 15, 7),
(218, 28, 10),
(218, 49, 7),
(218, 50, 10),
(218, 54, 10),
(218, 55, 10),
(218, 61, 10),
(218, 74, 7),
(218, 76, 8),
(219, 1, 6),
(219, 45, 3),
(219, 83, 6),
(220, 0, 1),
(220, 1, 1),
(220, 2, 1),
(220, 3, 1),
(220, 8, 1),
(220, 10, 1),
(220, 12, 1),
(220, 13, 1),
(220, 14, 1),
(220, 15, 1),
(220, 17, 1),
(220, 18, 1),
(220, 22, 1),
(220, 25, 1),
(220, 26, 1),
(220, 32, 1),
(220, 37, 1),
(220, 38, 4),
(220, 54, 4),
(220, 81, 1),
(220, 82, 1),
(220, 86, 1),
(220, 88, 1),
(220, 89, 1),
(221, 10, 5),
(221, 22, 7),
(221, 49, 9),
(221, 71, 7),
(221, 83, 10),
(222, 13, 10),
(222, 20, 7),
(222, 21, 3),
(222, 27, 5),
(222, 45, 4),
(222, 54, 5),
(223, 0, 7),
(223, 10, 6),
(223, 19, 7),
(223, 45, 6),
(223, 49, 10),
(223, 71, 9),
(223, 83, 10),
(223, 86, 9),
(224, 13, 10),
(224, 22, 1),
(225, 13, 8),
(225, 23, 6),
(226, 13, 10),
(226, 15, 10),
(226, 45, 5),
(226, 46, 5),
(226, 48, 3),
(226, 55, 4),
(226, 61, 4),
(227, 5, 6),
(227, 9, 3),
(227, 10, 7),
(227, 14, 9),
(227, 22, 3),
(227, 25, 10),
(227, 29, 9),
(227, 32, 1),
(227, 39, 10),
(227, 46, 10),
(227, 50, 6),
(227, 66, 3),
(227, 73, 10),
(227, 74, 10),
(227, 77, 10),
(227, 89, 3),
(228, 19, 9),
(228, 45, 4),
(228, 67, 4),
(228, 83, 2),
(229, 2, 5),
(229, 5, 5),
(229, 10, 3),
(229, 13, 9),
(229, 14, 8),
(229, 22, 9),
(229, 37, 10),
(229, 54, 9),
(229, 66, 3),
(230, 3, 1),
(230, 9, 10),
(230, 10, 5),
(230, 11, 10),
(230, 14, 10),
(230, 15, 10),
(230, 16, 7),
(230, 17, 10),
(230, 19, 10),
(230, 21, 4),
(230, 24, 6),
(230, 28, 10),
(230, 36, 9),
(230, 37, 5),
(230, 41, 10),
(230, 42, 4),
(230, 45, 3),
(230, 54, 7),
(230, 55, 4),
(230, 56, 10),
(230, 67, 4),
(230, 75, 10),
(230, 76, 5),
(230, 83, 9),
(230, 88, 10),
(231, 9, 10),
(231, 14, 10),
(231, 15, 10),
(231, 18, 10),
(231, 19, 10),
(231, 28, 7),
(231, 37, 8),
(231, 45, 3),
(231, 54, 8),
(231, 63, 10),
(231, 73, 8),
(231, 82, 2),
(231, 88, 3),
(232, 3, 4),
(232, 8, 2),
(232, 20, 7),
(232, 21, 10),
(232, 28, 1),
(232, 48, 4),
(232, 64, 2),
(233, 0, 4),
(233, 13, 9),
(233, 15, 9),
(233, 20, 4),
(233, 22, 5),
(233, 28, 6),
(233, 38, 7),
(233, 55, 8),
(233, 64, 5),
(233, 73, 5),
(233, 76, 6),
(234, 20, 10),
(234, 45, 5),
(234, 88, 5),
(235, 1, 3),
(235, 10, 6),
(235, 14, 6),
(235, 31, 3),
(235, 45, 2),
(235, 50, 4),
(235, 82, 3),
(235, 83, 1),
(235, 84, 2),
(236, 2, 4),
(236, 13, 7),
(236, 20, 8),
(236, 28, 2),
(236, 36, 3),
(236, 37, 4),
(236, 45, 3),
(236, 47, 5),
(236, 54, 3),
(236, 67, 6),
(236, 74, 3),
(236, 76, 4),
(236, 83, 2),
(236, 88, 5),
(237, 18, 5),
(237, 19, 6),
(237, 20, 7),
(237, 37, 7),
(237, 38, 4),
(238, 2, 5),
(238, 11, 6),
(238, 21, 4),
(238, 39, 5),
(238, 49, 4),
(238, 59, 6),
(238, 65, 5),
(238, 72, 3),
(238, 81, 3),
(239, 20, 6),
(239, 33, 3),
(239, 45, 8),
(239, 61, 2),
(239, 63, 10),
(239, 77, 5),
(240, 0, 4),
(240, 1, 2),
(240, 12, 10),
(240, 14, 10),
(240, 21, 10),
(240, 22, 5),
(240, 25, 5),
(240, 26, 1),
(240, 34, 1),
(240, 40, 5),
(240, 46, 1),
(240, 53, 1),
(240, 60, 1),
(240, 62, 10),
(240, 63, 10),
(240, 66, 10),
(240, 76, 2),
(240, 85, 1),
(241, 20, 10),
(241, 30, 4),
(241, 41, 5),
(241, 45, 3),
(241, 63, 3),
(241, 76, 4),
(241, 82, 1),
(242, 1, 6),
(242, 3, 6),
(242, 5, 7),
(242, 10, 10),
(242, 13, 10),
(242, 32, 3),
(242, 35, 2),
(242, 45, 3),
(242, 50, 3),
(242, 53, 3),
(242, 54, 3),
(242, 55, 6),
(242, 67, 9),
(242, 75, 4),
(242, 80, 10),
(242, 89, 9),
(243, 1, 3),
(243, 2, 4),
(243, 3, 5),
(243, 13, 10),
(243, 46, 4),
(243, 49, 5),
(243, 50, 6),
(243, 67, 2),
(243, 70, 2),
(243, 75, 7),
(244, 2, 4),
(244, 13, 7),
(244, 21, 10),
(244, 28, 9),
(244, 39, 5),
(244, 45, 3),
(244, 56, 1),
(244, 75, 6),
(244, 82, 2),
(245, 1, 6),
(245, 3, 6),
(245, 5, 6),
(245, 10, 10),
(245, 13, 10),
(245, 14, 10),
(245, 15, 10),
(245, 17, 10),
(245, 20, 10),
(245, 46, 5),
(245, 50, 5),
(245, 53, 6),
(245, 55, 1),
(245, 63, 10),
(245, 66, 6),
(245, 67, 4),
(245, 71, 6),
(245, 75, 6),
(245, 76, 7),
(245, 77, 5),
(245, 82, 4),
(245, 84, 7),
(246, 3, 1),
(246, 20, 5),
(247, 0, 1),
(247, 1, 1),
(247, 3, 1),
(247, 5, 1),
(247, 6, 1),
(247, 9, 1),
(247, 13, 1),
(247, 14, 1),
(247, 20, 1),
(247, 28, 1),
(247, 29, 1),
(247, 30, 1),
(247, 31, 1),
(247, 32, 1),
(247, 37, 1),
(247, 45, 1),
(247, 46, 1),
(247, 49, 1),
(247, 50, 1),
(247, 51, 1),
(247, 53, 1),
(247, 54, 1),
(247, 63, 1),
(247, 66, 1),
(247, 77, 1),
(247, 79, 1),
(247, 82, 1),
(248, 0, 8),
(248, 1, 6),
(248, 2, 5),
(248, 3, 6),
(248, 9, 7),
(248, 10, 3),
(248, 11, 6),
(248, 12, 6),
(248, 13, 10),
(248, 14, 10),
(248, 15, 10),
(248, 16, 9),
(248, 17, 10),
(248, 18, 10),
(248, 19, 10),
(248, 20, 10),
(248, 21, 9),
(248, 22, 5),
(248, 24, 5),
(248, 25, 5),
(248, 27, 5),
(248, 28, 5),
(248, 32, 5),
(248, 37, 5),
(248, 47, 5),
(248, 49, 5),
(248, 50, 6),
(248, 54, 9),
(248, 55, 10),
(248, 63, 4),
(248, 75, 3),
(248, 76, 7),
(248, 81, 9),
(248, 82, 9),
(248, 83, 9),
(248, 84, 9),
(249, 3, 9),
(249, 13, 10),
(249, 33, 5),
(249, 47, 3),
(249, 67, 2),
(249, 83, 7),
(250, 0, 4),
(250, 1, 5),
(250, 2, 4),
(250, 3, 4),
(250, 8, 3),
(250, 9, 4),
(250, 12, 3),
(250, 19, 6),
(250, 20, 5),
(250, 22, 5),
(250, 25, 3),
(250, 28, 8),
(250, 29, 6),
(250, 30, 5),
(250, 31, 5),
(250, 32, 4),
(250, 33, 7),
(250, 34, 5),
(250, 35, 4),
(250, 37, 7),
(250, 39, 7),
(250, 40, 5),
(250, 41, 6),
(250, 42, 6),
(250, 45, 5),
(250, 47, 5),
(250, 49, 7),
(250, 51, 6),
(250, 53, 3),
(250, 54, 7),
(250, 55, 4),
(250, 56, 3),
(250, 60, 7),
(250, 61, 8),
(250, 71, 5),
(250, 73, 6),
(250, 74, 4),
(250, 75, 3),
(250, 76, 5),
(250, 77, 6),
(250, 79, 6),
(250, 83, 5),
(250, 88, 4),
(251, 31, 10),
(251, 41, 10),
(251, 57, 10),
(251, 59, 10),
(251, 67, 10),
(251, 70, 10),
(251, 74, 10),
(251, 76, 10),
(252, 10, 5),
(252, 18, 6),
(252, 22, 2),
(252, 37, 3),
(252, 45, 4),
(252, 54, 4),
(252, 65, 5),
(252, 82, 5),
(252, 88, 4),
(253, 1, 5),
(253, 11, 8),
(253, 21, 9),
(253, 31, 4),
(253, 39, 8),
(253, 45, 6),
(253, 56, 6),
(253, 63, 8),
(253, 73, 3),
(253, 81, 5),
(254, 0, 5),
(254, 24, 5),
(254, 46, 8),
(254, 55, 8),
(254, 60, 8),
(254, 63, 10),
(254, 67, 10),
(254, 69, 10),
(254, 82, 5),
(255, 8, 5),
(255, 20, 2),
(255, 52, 7),
(255, 83, 7),
(256, 10, 5),
(256, 20, 6),
(256, 28, 9),
(256, 29, 8),
(256, 41, 9),
(256, 45, 7),
(256, 46, 7),
(256, 48, 6),
(256, 54, 8),
(256, 60, 5),
(256, 67, 6),
(256, 76, 7),
(257, 0, 5),
(257, 1, 8),
(257, 2, 8),
(257, 5, 7),
(257, 9, 6),
(257, 10, 5),
(257, 12, 5),
(257, 15, 5),
(257, 19, 6),
(257, 20, 5),
(257, 29, 5),
(257, 31, 4),
(257, 32, 5),
(257, 39, 4),
(257, 45, 3),
(257, 46, 3),
(257, 54, 3),
(257, 66, 4),
(257, 67, 4),
(257, 76, 3),
(257, 82, 7),
(258, 0, 6),
(258, 1, 5),
(258, 2, 4),
(258, 9, 4),
(258, 10, 9),
(258, 13, 9),
(258, 14, 10),
(258, 19, 10),
(258, 20, 10),
(258, 21, 10),
(258, 28, 2),
(258, 30, 3),
(258, 45, 1),
(258, 52, 1),
(258, 64, 5),
(258, 82, 10),
(258, 89, 4),
(259, 19, 3),
(259, 20, 2),
(259, 28, 2),
(259, 63, 3),
(259, 64, 3),
(259, 82, 5),
(260, 41, 1),
(260, 46, 1),
(260, 50, 1),
(260, 55, 1),
(261, 1, 6),
(261, 3, 6),
(261, 13, 9),
(261, 15, 7),
(261, 17, 6),
(261, 19, 10),
(261, 20, 10),
(261, 22, 5),
(261, 52, 3),
(261, 82, 7),
(261, 84, 1),
(262, 0, 5),
(262, 1, 7),
(262, 2, 7),
(262, 3, 7),
(262, 5, 9),
(262, 7, 6),
(262, 8, 4),
(262, 9, 3),
(262, 10, 10),
(262, 11, 2),
(262, 12, 8),
(262, 13, 10),
(262, 14, 7),
(262, 15, 3),
(262, 17, 3),
(262, 19, 4),
(262, 20, 5),
(262, 22, 5),
(262, 23, 5),
(262, 25, 10),
(262, 27, 3),
(262, 28, 9),
(262, 31, 2),
(262, 32, 2),
(262, 33, 3),
(262, 34, 3),
(262, 35, 2),
(262, 45, 4),
(262, 46, 4),
(262, 47, 2),
(262, 49, 2),
(262, 50, 2),
(262, 53, 2),
(262, 54, 4),
(262, 55, 4),
(262, 56, 3),
(262, 60, 3),
(262, 63, 5),
(262, 65, 3),
(262, 66, 5),
(262, 67, 3),
(262, 70, 1),
(262, 73, 1),
(262, 74, 2),
(262, 75, 1),
(262, 76, 3),
(262, 81, 5),
(262, 82, 3),
(262, 83, 5),
(262, 84, 3),
(262, 88, 5),
(262, 89, 6),
(263, 1, 8),
(263, 3, 4),
(263, 5, 8),
(263, 13, 10),
(263, 14, 8),
(263, 15, 7),
(263, 17, 10),
(263, 19, 7),
(263, 20, 7),
(263, 48, 3),
(263, 52, 7),
(263, 55, 3),
(263, 82, 7),
(263, 84, 6),
(264, 0, 5),
(264, 1, 5),
(264, 2, 5),
(264, 3, 2),
(264, 5, 6),
(264, 10, 6),
(264, 13, 6),
(264, 19, 7),
(264, 20, 6),
(264, 24, 5),
(264, 29, 3),
(264, 31, 3),
(264, 33, 3),
(264, 35, 3),
(264, 37, 9),
(264, 41, 9),
(264, 45, 9),
(264, 47, 10),
(264, 48, 10),
(264, 52, 10),
(264, 55, 5),
(264, 63, 5),
(264, 64, 5),
(264, 67, 6),
(264, 71, 6),
(264, 72, 10),
(264, 73, 10),
(264, 74, 5),
(264, 81, 4),
(264, 82, 5),
(264, 86, 5),
(264, 88, 5),
(265, 0, 6),
(265, 1, 5),
(265, 2, 5),
(265, 3, 4),
(265, 8, 4),
(265, 9, 9),
(265, 10, 10),
(265, 11, 7),
(265, 12, 9),
(265, 13, 10),
(265, 14, 10),
(265, 15, 10),
(265, 16, 6),
(265, 17, 5),
(265, 18, 6),
(265, 19, 6),
(265, 20, 10),
(265, 28, 2),
(265, 32, 3),
(265, 35, 2),
(265, 45, 4),
(265, 76, 4),
(265, 81, 5),
(265, 82, 2),
(265, 83, 3),
(265, 84, 2),
(265, 89, 4),
(266, 1, 2),
(266, 11, 8),
(266, 13, 5),
(266, 21, 7),
(266, 28, 4),
(266, 41, 1),
(266, 50, 2),
(266, 54, 8),
(266, 55, 9),
(266, 63, 10),
(266, 67, 10),
(266, 74, 3),
(266, 82, 6),
(267, 3, 9),
(267, 9, 6),
(267, 10, 10),
(267, 11, 10),
(267, 13, 10),
(267, 14, 10),
(267, 20, 7),
(267, 22, 6),
(267, 30, 4),
(267, 32, 4),
(267, 35, 3),
(267, 41, 5),
(267, 46, 7),
(267, 49, 4),
(267, 54, 5),
(267, 56, 5),
(267, 57, 3),
(267, 63, 2),
(267, 66, 4),
(267, 70, 8),
(267, 76, 9),
(267, 82, 10),
(267, 84, 10),
(268, 1, 5),
(268, 3, 2),
(268, 10, 6),
(268, 13, 7),
(268, 22, 6),
(268, 30, 3),
(268, 39, 4),
(268, 50, 4),
(268, 53, 3),
(268, 58, 2),
(269, 0, 5),
(269, 1, 7),
(269, 2, 8),
(269, 3, 8),
(269, 4, 4),
(269, 5, 4),
(269, 8, 3),
(269, 11, 2),
(269, 12, 2),
(269, 13, 10),
(269, 14, 9),
(269, 15, 9),
(269, 16, 5),
(269, 17, 9),
(269, 19, 9),
(269, 20, 8),
(269, 22, 9),
(269, 24, 5),
(269, 25, 8),
(269, 26, 9),
(269, 28, 10),
(269, 34, 8),
(269, 37, 9),
(269, 39, 9),
(269, 40, 9),
(269, 41, 9),
(269, 45, 7),
(269, 52, 7),
(269, 54, 8),
(269, 56, 6),
(269, 60, 9),
(269, 71, 9),
(269, 81, 3),
(269, 84, 4),
(269, 86, 5),
(269, 89, 2),
(270, 1, 6),
(270, 63, 5),
(271, 1, 7),
(271, 3, 8),
(271, 5, 7),
(271, 13, 8),
(271, 14, 7),
(271, 20, 6),
(271, 22, 6),
(271, 25, 6),
(271, 28, 4),
(271, 29, 3),
(271, 32, 3),
(271, 39, 4),
(271, 41, 4),
(271, 49, 8),
(271, 50, 5),
(271, 52, 4),
(271, 54, 3),
(271, 67, 8),
(271, 70, 9),
(271, 76, 8),
(271, 82, 9),
(271, 83, 8),
(272, 12, 2),
(272, 20, 10),
(273, 9, 10),
(273, 10, 10),
(273, 13, 10),
(273, 15, 10),
(273, 17, 10),
(273, 28, 6),
(273, 38, 6),
(273, 39, 5),
(273, 55, 10),
(273, 64, 5),
(273, 73, 5),
(274, 5, 3),
(274, 10, 9),
(274, 12, 9),
(274, 13, 10),
(274, 14, 9),
(274, 19, 7),
(274, 20, 6),
(274, 21, 10),
(274, 30, 1),
(274, 45, 1),
(274, 47, 1),
(274, 52, 1),
(274, 63, 3),
(274, 64, 5),
(274, 66, 2),
(274, 82, 1),
(274, 88, 5),
(275, 1, 8),
(275, 11, 5),
(275, 13, 10),
(275, 17, 10),
(275, 27, 8),
(275, 47, 3),
(275, 54, 7),
(275, 67, 3),
(276, 10, 4),
(276, 45, 2),
(276, 49, 3),
(276, 51, 4),
(276, 61, 3),
(276, 77, 6),
(277, 10, 4),
(277, 14, 4),
(277, 15, 4),
(277, 19, 5),
(277, 20, 5),
(277, 22, 4),
(277, 45, 3),
(277, 54, 4),
(277, 61, 3),
(277, 64, 4),
(277, 66, 4),
(277, 73, 3),
(277, 81, 6),
(277, 82, 6),
(278, 1, 8),
(278, 2, 6),
(278, 5, 9),
(278, 8, 10),
(278, 9, 9),
(278, 10, 10),
(278, 12, 9),
(278, 13, 10),
(278, 14, 10),
(278, 15, 10),
(278, 17, 10),
(278, 19, 8),
(278, 20, 9),
(278, 22, 6),
(278, 25, 7),
(278, 27, 7),
(278, 28, 7),
(278, 45, 6),
(278, 46, 3),
(278, 47, 5),
(278, 50, 3),
(278, 54, 5),
(278, 56, 5),
(278, 71, 5),
(278, 82, 10),
(278, 86, 8),
(278, 87, 9),
(278, 89, 7),
(279, 1, 5),
(279, 3, 5),
(279, 8, 5),
(279, 10, 10),
(279, 12, 10),
(279, 13, 10),
(279, 14, 8),
(279, 15, 8),
(279, 16, 7),
(279, 17, 6),
(279, 19, 5),
(279, 20, 5),
(279, 22, 5),
(279, 24, 4),
(279, 25, 5),
(279, 27, 5),
(279, 28, 4),
(279, 33, 4),
(279, 39, 2),
(279, 42, 2),
(279, 45, 3),
(279, 46, 4),
(279, 47, 5),
(279, 50, 4),
(279, 54, 5),
(279, 56, 6),
(279, 64, 8),
(279, 66, 5),
(279, 71, 5),
(279, 74, 5),
(279, 76, 5),
(279, 81, 6),
(279, 82, 7),
(279, 86, 5),
(279, 87, 6),
(279, 89, 8),
(280, 2, 5),
(280, 3, 7),
(280, 9, 5),
(280, 10, 8),
(280, 12, 9),
(280, 13, 8),
(280, 15, 8),
(280, 19, 5),
(280, 20, 4),
(280, 22, 5),
(280, 24, 7),
(280, 26, 7),
(280, 27, 8),
(280, 28, 6),
(280, 37, 5),
(280, 38, 5),
(280, 39, 5),
(280, 45, 4),
(280, 46, 7),
(280, 47, 5),
(280, 50, 4),
(280, 56, 3),
(280, 61, 5),
(280, 66, 6),
(280, 76, 5),
(280, 81, 6),
(280, 82, 5),
(280, 84, 7),
(280, 87, 6),
(280, 89, 6),
(281, 3, 5),
(281, 13, 6),
(281, 25, 5),
(281, 28, 6),
(281, 42, 3),
(281, 50, 3),
(281, 64, 6),
(281, 82, 5),
(282, 0, 7),
(282, 1, 7),
(282, 3, 9),
(282, 5, 8),
(282, 10, 9),
(282, 13, 8),
(282, 14, 6),
(282, 19, 6),
(282, 22, 7),
(282, 24, 5),
(282, 32, 4),
(282, 37, 5),
(282, 43, 3),
(282, 45, 3),
(282, 54, 8),
(282, 60, 2),
(282, 64, 6),
(282, 76, 9),
(282, 82, 10),
(282, 83, 9),
(282, 88, 7),
(283, 1, 7),
(283, 3, 6),
(283, 4, 8),
(283, 5, 10),
(283, 7, 10),
(283, 13, 10),
(283, 14, 5),
(283, 18, 10),
(283, 19, 5),
(283, 21, 10),
(283, 22, 9),
(283, 25, 3),
(283, 27, 10),
(283, 28, 8),
(283, 31, 2),
(283, 46, 8),
(283, 64, 2),
(283, 67, 3),
(283, 72, 6),
(283, 75, 4),
(283, 82, 10),
(283, 84, 5),
(283, 85, 6),
(283, 88, 8),
(283, 89, 10),
(284, 1, 4),
(284, 8, 6),
(284, 12, 2),
(284, 14, 3),
(284, 15, 4),
(284, 17, 1),
(284, 19, 6),
(284, 20, 10),
(284, 25, 7),
(284, 28, 10),
(284, 29, 10),
(284, 30, 7),
(284, 36, 5),
(284, 41, 9),
(284, 45, 5),
(284, 48, 5),
(284, 54, 6),
(284, 56, 9),
(284, 63, 9),
(284, 67, 9),
(284, 72, 5),
(284, 73, 6),
(284, 82, 6),
(284, 87, 5),
(285, 20, 9),
(285, 24, 3),
(285, 37, 6),
(286, 3, 7),
(286, 13, 10),
(286, 15, 10),
(286, 17, 10),
(286, 48, 5),
(286, 54, 4),
(287, 1, 3),
(287, 12, 9),
(287, 20, 10),
(287, 25, 10),
(287, 28, 10),
(287, 29, 5),
(287, 30, 6),
(287, 34, 7),
(287, 37, 8),
(287, 41, 7),
(287, 48, 6),
(287, 71, 6),
(287, 72, 4),
(287, 86, 4),
(288, 4, 5),
(288, 13, 8),
(288, 15, 7),
(288, 19, 5),
(288, 22, 7),
(288, 28, 6),
(288, 39, 6),
(288, 54, 6),
(288, 64, 5),
(288, 76, 6),
(289, 1, 5),
(289, 11, 2),
(289, 22, 4),
(289, 31, 2),
(289, 46, 6),
(289, 55, 8),
(289, 61, 9),
(289, 74, 3),
(289, 77, 9),
(289, 84, 5),
(290, 3, 6),
(290, 17, 8),
(290, 24, 2),
(290, 60, 1),
(290, 67, 3),
(290, 86, 10),
(291, 2, 3),
(291, 11, 7),
(291, 22, 4),
(291, 31, 7),
(291, 41, 4),
(291, 86, 8),
(292, 2, 9),
(292, 10, 7),
(292, 19, 8),
(292, 83, 7),
(293, 13, 10),
(293, 25, 9),
(293, 30, 9),
(293, 48, 7),
(293, 71, 6),
(294, 5, 5),
(294, 13, 6),
(294, 22, 7),
(294, 45, 3),
(294, 55, 3),
(294, 67, 4),
(294, 76, 2),
(295, 8, 1),
(295, 17, 1),
(295, 26, 1),
(295, 35, 1),
(295, 44, 1),
(295, 53, 1),
(295, 62, 1),
(295, 71, 1),
(295, 80, 1),
(295, 89, 1),
(296, 3, 3),
(296, 11, 3),
(296, 22, 5),
(296, 32, 4),
(296, 39, 8),
(296, 48, 3),
(296, 56, 2),
(296, 67, 7),
(296, 75, 6),
(296, 86, 4),
(297, 8, 1),
(297, 13, 10),
(297, 20, 10),
(297, 28, 5),
(297, 40, 5),
(297, 51, 8),
(297, 62, 10),
(297, 66, 10),
(297, 73, 8),
(297, 84, 9),
(298, 1, 1),
(298, 13, 10),
(298, 22, 3),
(298, 32, 5),
(298, 41, 9),
(298, 53, 7),
(298, 75, 10),
(298, 89, 10),
(299, 3, 8),
(299, 15, 6),
(299, 22, 1),
(299, 27, 10),
(299, 39, 4),
(299, 50, 2),
(299, 54, 5),
(299, 63, 8),
(299, 74, 10),
(299, 86, 8),
(300, 3, 9),
(300, 11, 4),
(300, 22, 5),
(300, 28, 7),
(300, 39, 6),
(300, 45, 4),
(300, 54, 2),
(300, 63, 7),
(300, 74, 10),
(300, 82, 6),
(301, 0, 7),
(301, 12, 5),
(301, 20, 4),
(301, 46, 9),
(301, 61, 8),
(301, 67, 7),
(301, 77, 7),
(302, 1, 10),
(302, 81, 5),
(303, 10, 6),
(303, 48, 6),
(304, 24, 6),
(304, 37, 9),
(304, 75, 6),
(305, 13, 1),
(305, 32, 2),
(306, 37, 1),
(306, 71, 1),
(307, 10, 5),
(307, 22, 2),
(307, 28, 7),
(307, 36, 8),
(307, 45, 8),
(307, 66, 8),
(308, 5, 8),
(308, 17, 9),
(308, 21, 8),
(308, 33, 9),
(308, 67, 9),
(308, 75, 3),
(309, 3, 8),
(309, 13, 10),
(310, 10, 10),
(310, 20, 10),
(310, 28, 10),
(310, 36, 10),
(310, 45, 10),
(310, 55, 10),
(310, 63, 10),
(310, 74, 10),
(311, 3, 6),
(311, 15, 10),
(311, 20, 7),
(311, 28, 10),
(311, 39, 5),
(311, 45, 2),
(311, 60, 10),
(311, 64, 5),
(311, 74, 6),
(311, 85, 5),
(312, 41, 1),
(312, 50, 1),
(313, 13, 2),
(313, 50, 8),
(314, 17, 2),
(314, 28, 7),
(314, 50, 10),
(314, 62, 7),
(314, 67, 5),
(314, 77, 10),
(315, 37, 2),
(315, 50, 6),
(316, 13, 1),
(316, 50, 10),
(317, 50, 6),
(317, 77, 2),
(318, 21, 10),
(318, 28, 1),
(318, 39, 1),
(318, 68, 1),
(318, 75, 10),
(319, 5, 1),
(319, 10, 7),
(319, 39, 10),
(319, 61, 10),
(319, 74, 6),
(320, 2, 7),
(320, 11, 7),
(320, 19, 9),
(320, 27, 3),
(320, 39, 4),
(320, 50, 10),
(320, 54, 3),
(320, 71, 8),
(320, 74, 4),
(320, 84, 3),
(321, 9, 2),
(321, 19, 8),
(321, 29, 4),
(321, 53, 4),
(321, 63, 8),
(321, 74, 3),
(321, 82, 10),
(322, 21, 6),
(322, 50, 4),
(322, 64, 10),
(322, 81, 1),
(323, 1, 4),
(323, 17, 6),
(323, 19, 6),
(323, 32, 1),
(323, 37, 3),
(323, 45, 1),
(323, 63, 2),
(323, 88, 5),
(324, 14, 5),
(324, 22, 5),
(325, 5, 6),
(325, 10, 9),
(325, 20, 6),
(325, 28, 5),
(325, 40, 6),
(325, 48, 8),
(325, 56, 4),
(325, 67, 5),
(325, 72, 5),
(325, 88, 9),
(326, 27, 10),
(326, 37, 8),
(327, 28, 3),
(327, 82, 2),
(328, 3, 10),
(328, 13, 10),
(328, 22, 6),
(328, 37, 3),
(328, 63, 2),
(328, 82, 7),
(329, 1, 6),
(329, 13, 9),
(329, 25, 8),
(329, 28, 8),
(329, 37, 6),
(329, 46, 6),
(329, 56, 6),
(329, 63, 6),
(329, 74, 3),
(329, 83, 3),
(330, 1, 3),
(330, 13, 6),
(330, 19, 4),
(330, 28, 8),
(330, 39, 8),
(330, 52, 4),
(330, 60, 6),
(330, 67, 2),
(330, 76, 5),
(330, 83, 3),
(331, 13, 8),
(331, 21, 5),
(331, 37, 6),
(332, 4, 1),
(332, 11, 1),
(332, 18, 1),
(332, 27, 1),
(332, 43, 1),
(332, 50, 1),
(332, 59, 1),
(332, 68, 1),
(332, 78, 1),
(332, 85, 1),
(333, 36, 3),
(333, 63, 8),
(333, 82, 5),
(334, 3, 9),
(334, 17, 10),
(334, 20, 8),
(334, 28, 10),
(334, 46, 1),
(334, 61, 6),
(334, 66, 5),
(334, 77, 5),
(334, 83, 2),
(335, 14, 9),
(335, 26, 8),
(336, 5, 5),
(336, 22, 5),
(336, 30, 4),
(336, 45, 10),
(337, 62, 6),
(337, 70, 5),
(338, 5, 4),
(338, 26, 6),
(338, 27, 6),
(338, 53, 6),
(338, 82, 6),
(339, 0, 3),
(339, 13, 6),
(339, 29, 5),
(339, 70, 4),
(340, 37, 5),
(340, 76, 4),
(341, 15, 3),
(341, 20, 2),
(341, 28, 10),
(341, 40, 9),
(341, 45, 8),
(341, 54, 10),
(341, 67, 6),
(341, 74, 7),
(342, 4, 1),
(342, 10, 1),
(342, 19, 4),
(342, 27, 7),
(342, 37, 6),
(342, 49, 10),
(342, 61, 10),
(342, 66, 9),
(342, 79, 10),
(342, 81, 1),
(343, 14, 6),
(343, 37, 7),
(343, 52, 1),
(343, 56, 7),
(343, 63, 6),
(344, 3, 4),
(344, 10, 3),
(344, 22, 3),
(344, 31, 2),
(344, 40, 4),
(344, 45, 3),
(344, 54, 2),
(344, 63, 5),
(344, 74, 3),
(344, 83, 4),
(345, 8, 4),
(345, 81, 7),
(346, 4, 5),
(346, 13, 10),
(346, 22, 3),
(346, 30, 5),
(346, 42, 10),
(346, 53, 3),
(346, 54, 5),
(346, 66, 2),
(346, 72, 4),
(346, 89, 8),
(347, 8, 4),
(347, 14, 4),
(347, 25, 8),
(347, 28, 8),
(347, 39, 5),
(347, 46, 1),
(347, 60, 6),
(347, 64, 5),
(347, 72, 7),
(347, 81, 5),
(348, 4, 2),
(348, 14, 5),
(348, 25, 5),
(348, 28, 3),
(348, 38, 1),
(348, 52, 2),
(348, 54, 3),
(348, 66, 2),
(348, 77, 2),
(348, 89, 5),
(349, 3, 5),
(349, 11, 6),
(349, 26, 3),
(349, 34, 6),
(349, 37, 4),
(349, 45, 3),
(349, 68, 2),
(349, 77, 1),
(349, 82, 7),
(350, 27, 9),
(350, 48, 7),
(350, 54, 5),
(350, 63, 10),
(351, 3, 2),
(351, 16, 5),
(351, 22, 7),
(351, 28, 3),
(351, 43, 6),
(351, 45, 4),
(351, 56, 3),
(351, 67, 5),
(351, 74, 7),
(351, 82, 5),
(352, 3, 8),
(352, 14, 10),
(352, 24, 5),
(352, 28, 7),
(352, 40, 6),
(352, 45, 8),
(352, 55, 4),
(352, 63, 4),
(352, 74, 3),
(352, 88, 7),
(353, 0, 1),
(353, 10, 8),
(353, 22, 7),
(353, 30, 10),
(353, 45, 1),
(353, 61, 1),
(353, 64, 10),
(353, 76, 1),
(353, 84, 4),
(354, 5, 6),
(354, 10, 4),
(354, 22, 2),
(354, 28, 7),
(354, 37, 5),
(354, 51, 8),
(354, 61, 6),
(354, 63, 9),
(354, 78, 8),
(354, 82, 6),
(355, 29, 3),
(355, 40, 5),
(355, 52, 3),
(355, 61, 10),
(355, 69, 8),
(355, 73, 7),
(356, 2, 8),
(356, 13, 10),
(356, 85, 10),
(357, 3, 9),
(357, 13, 10),
(357, 24, 8),
(357, 28, 7),
(357, 37, 6),
(357, 52, 1),
(357, 56, 5),
(357, 66, 5),
(357, 74, 5),
(357, 81, 6),
(358, 18, 10),
(358, 27, 1),
(359, 45, 1),
(359, 63, 10);

-- --------------------------------------------------------

--
-- Table structure for table `id_stat`
--

CREATE TABLE IF NOT EXISTS `id_stat` (
  `id` int(11) NOT NULL,
  `posi` int(11) NOT NULL,
  `nega` int(11) NOT NULL,
  `ambi` int(11) NOT NULL,
  `manag` int(11) NOT NULL
) ENGINE=InnoDB DEFAULT CHARSET=utf8;

--
-- Dumping data for table `id_stat`
--

INSERT INTO `id_stat` (`id`, `posi`, `nega`, `ambi`, `manag`) VALUES
(1, 74, 12, 14, 2),
(2, 42, 58, 0, 1),
(3, 100, 0, 0, 2),
(4, 22, 78, 0, 0),
(5, 41, 59, 0, 2),
(6, 57, 43, 0, 0),
(7, 94, 6, 0, 1),
(8, 49, 28, 23, 2),
(9, 63, 25, 12, 1),
(10, 48, 22, 30, 0),
(11, 25, 75, 0, 2),
(12, 44, 42, 14, 2),
(13, 26, 74, 0, 2),
(14, 27, 73, 0, 2),
(15, 0, 0, 100, 0),
(16, 69, 20, 11, 2),
(17, 0, 39, 61, 1),
(18, 0, 100, 0, 0),
(19, 0, 89, 11, 3),
(20, 68, 32, 0, 0),
(21, 59, 12, 29, 0),
(22, 46, 17, 37, 0),
(23, 40, 60, 0, 1),
(24, 56, 25, 19, 3),
(26, 23, 46, 31, 3),
(28, 52, 11, 38, 0),
(29, 37, 52, 11, 2),
(30, 49, 51, 0, 0),
(31, 46, 32, 22, 2),
(32, 31, 39, 30, 0),
(34, 64, 36, 0, 0),
(35, 89, 11, 0, 2),
(36, 85, 15, 0, 1),
(37, 56, 38, 6, 3),
(38, 42, 26, 32, 1),
(39, 7, 93, 0, 3),
(40, 84, 5, 11, 1),
(41, 0, 87, 13, 3),
(42, 100, 0, 0, 1),
(45, 33, 23, 44, 0),
(46, 73, 14, 13, 2),
(47, 0, 70, 30, 3),
(48, 50, 41, 9, 1),
(49, 18, 82, 0, 2),
(50, 50, 43, 8, 3),
(52, 71, 29, 0, 1),
(53, 66, 0, 34, 2),
(54, 22, 40, 38, 0),
(55, 100, 0, 0, 1),
(56, 68, 6, 26, 0),
(57, 100, 0, 0, 1),
(58, 22, 78, 0, 0),
(59, 57, 43, 0, 0),
(60, 73, 27, 0, 2),
(61, 33, 67, 0, 1),
(62, 25, 75, 0, 1),
(63, 0, 59, 41, 3),
(64, 49, 35, 16, 3),
(65, 81, 19, 0, 1),
(66, 50, 20, 30, 2),
(67, 68, 22, 10, 2),
(68, 43, 30, 27, 1),
(69, 100, 0, 0, 1),
(70, 35, 37, 28, 1),
(71, 23, 46, 32, 3),
(72, 0, 66, 34, 3),
(73, 10, 90, 0, 1),
(74, 32, 40, 27, 3),
(75, 48, 52, 0, 0),
(76, 77, 18, 5, 1),
(77, 64, 25, 11, 1),
(78, 25, 68, 7, 1),
(79, 83, 17, 0, 1),
(80, 44, 35, 22, 0),
(81, 44, 47, 10, 3),
(82, 57, 43, 0, 1),
(83, 68, 17, 16, 3),
(84, 33, 60, 7, 2),
(85, 48, 52, 0, 1),
(87, 41, 31, 28, 0),
(88, 69, 0, 31, 2),
(89, 68, 29, 3, 3),
(90, 30, 63, 7, 3),
(91, 35, 51, 13, 3),
(92, 27, 65, 9, 3),
(93, 41, 42, 17, 3),
(94, 76, 11, 13, 2),
(95, 51, 26, 23, 0),
(96, 20, 51, 29, 3),
(97, 65, 35, 0, 3),
(98, 73, 7, 20, 2),
(99, 72, 28, 0, 1),
(100, 57, 25, 19, 2),
(101, 79, 18, 3, 1),
(102, 24, 39, 38, 1),
(103, 59, 41, 0, 2),
(104, 37, 52, 11, 2),
(105, 49, 44, 7, 1),
(106, 56, 0, 44, 0),
(107, 53, 0, 47, 0),
(108, 55, 28, 17, 2),
(109, 84, 0, 16, 1),
(110, 62, 30, 8, 2),
(111, 50, 39, 11, 3),
(112, 57, 32, 11, 1),
(113, 11, 69, 20, 3),
(114, 48, 22, 30, 2),
(115, 63, 14, 24, 2),
(116, 28, 69, 4, 3),
(117, 100, 0, 0, 0),
(118, 54, 46, 0, 1),
(119, 38, 62, 0, 3),
(121, 60, 16, 24, 2),
(122, 57, 37, 6, 3),
(123, 26, 55, 19, 3),
(124, 20, 53, 27, 3),
(125, 72, 9, 19, 0),
(127, 56, 44, 0, 0),
(128, 78, 22, 0, 1),
(129, 79, 7, 15, 1),
(131, 37, 63, 0, 3),
(132, 40, 40, 20, 0),
(134, 42, 42, 17, 1),
(135, 90, 2, 8, 2),
(136, 42, 58, 0, 1),
(137, 18, 38, 44, 0),
(138, 4, 96, 0, 1),
(139, 0, 100, 0, 1),
(140, 20, 80, 0, 2),
(141, 13, 87, 0, 1),
(142, 24, 52, 24, 2),
(143, 77, 14, 9, 2),
(144, 3, 97, 0, 1),
(145, 55, 32, 13, 3),
(146, 77, 23, 0, 1),
(148, 45, 46, 9, 3),
(149, 50, 38, 12, 3),
(150, 40, 16, 44, 0),
(151, 71, 29, 0, 0),
(152, 91, 5, 4, 1),
(153, 57, 37, 6, 1),
(154, 100, 0, 0, 0),
(155, 77, 20, 3, 1),
(156, 96, 0, 4, 1),
(157, 70, 30, 0, 1),
(158, 77, 23, 0, 1),
(159, 43, 31, 27, 3),
(160, 100, 0, 0, 1),
(161, 71, 21, 8, 3),
(162, 35, 56, 9, 2),
(163, 45, 38, 17, 3),
(164, 100, 0, 0, 0),
(165, 33, 38, 29, 2),
(166, 44, 56, 0, 1),
(167, 65, 23, 12, 2),
(168, 66, 34, 0, 3),
(169, 43, 57, 0, 1),
(170, 30, 51, 19, 1),
(171, 45, 25, 30, 2),
(172, 70, 19, 11, 2),
(173, 70, 19, 11, 2),
(174, 75, 18, 7, 2),
(175, 38, 0, 62, 0),
(177, 81, 0, 19, 0),
(178, 64, 27, 9, 3),
(179, 33, 67, 0, 3),
(180, 64, 36, 0, 1),
(181, 74, 26, 0, 1),
(182, 100, 0, 0, 2),
(183, 100, 0, 0, 0),
(184, 25, 0, 75, 0),
(185, 40, 57, 4, 3),
(186, 100, 0, 0, 2),
(187, 66, 19, 15, 2),
(188, 60, 40, 0, 1),
(189, 100, 0, 0, 1),
(190, 59, 25, 16, 2),
(191, 26, 54, 20, 3),
(192, 57, 29, 15, 3),
(193, 31, 59, 10, 1),
(194, 100, 0, 0, 0),
(195, 23, 77, 0, 1),
(196, 47, 25, 28, 2),
(197, 48, 28, 24, 3),
(198, 0, 79, 21, 0),
(199, 59, 27, 14, 2),
(200, 10, 53, 37, 3),
(201, 20, 54, 26, 3),
(202, 76, 24, 0, 1),
(203, 38, 63, 0, 2),
(204, 33, 0, 67, 0),
(205, 57, 32, 10, 2),
(206, 25, 63, 11, 1),
(207, 56, 44, 0, 1),
(208, 69, 8, 24, 2),
(209, 82, 18, 0, 1),
(210, 97, 3, 0, 0),
(211, 77, 16, 8, 2),
(212, 51, 49, 0, 1),
(213, 71, 29, 0, 1),
(214, 32, 68, 0, 0),
(215, 58, 32, 10, 1),
(216, 67, 33, 0, 0),
(217, 41, 34, 25, 3),
(218, 22, 53, 25, 3),
(220, 80, 16, 5, 0),
(221, 55, 45, 0, 1),
(222, 63, 21, 16, 2),
(223, 58, 42, 0, 1),
(224, 100, 0, 0, 1),
(225, 100, 0, 0, 1),
(226, 49, 51, 0, 2),
(227, 43, 28, 28, 2),
(228, 62, 38, 0, 1),
(230, 56, 32, 12, 3),
(231, 61, 25, 13, 3),
(232, 81, 16, 3, 2),
(233, 52, 26, 22, 2),
(234, 80, 20, 0, 1),
(235, 63, 21, 16, 1),
(236, 47, 39, 14, 2),
(237, 62, 38, 0, 1),
(238, 43, 53, 4, 1),
(239, 20, 50, 31, 3),
(240, 56, 37, 6, 1),
(241, 36, 34, 29, 3),
(242, 48, 28, 24, 3),
(243, 44, 45, 11, 1),
(244, 49, 21, 30, 3),
(245, 62, 28, 10, 2),
(246, 100, 0, 0, 0),
(247, 34, 36, 30, 1),
(249, 63, 14, 23, 2),
(250, 24, 42, 34, 3),
(252, 63, 37, 0, 0),
(253, 44, 43, 13, 3),
(254, 26, 74, 0, 1),
(255, 60, 40, 0, 1),
(256, 13, 58, 29, 3),
(257, 60, 20, 20, 3),
(258, 86, 7, 7, 1),
(259, 60, 24, 16, 0),
(260, 0, 100, 0, 0),
(261, 93, 7, 0, 1),
(262, 62, 20, 18, 3),
(263, 84, 16, 0, 1),
(264, 39, 43, 19, 3),
(265, 88, 2, 10, 1),
(266, 41, 50, 9, 1),
(267, 54, 29, 17, 2),
(268, 54, 37, 9, 1),
(269, 60, 32, 8, 3),
(270, 64, 36, 0, 1),
(271, 52, 35, 13, 3),
(272, 100, 0, 0, 1),
(273, 59, 30, 11, 3),
(274, 83, 14, 3, 1),
(275, 61, 22, 17, 2),
(276, 13, 68, 19, 1),
(277, 67, 30, 3, 1),
(279, 66, 22, 12, 2),
(281, 54, 31, 15, 1),
(282, 69, 22, 9, 1),
(283, 76, 6, 18, 2),
(284, 42, 33, 25, 3),
(285, 71, 29, 0, 1),
(286, 82, 18, 0, 2),
(287, 37, 28, 35, 0),
(288, 58, 25, 18, 3),
(289, 32, 44, 24, 2),
(290, 81, 19, 0, 2),
(290, 81, 19, 0, 2),
(291, 57, 17, 26, 1),
(292, 100, 0, 0, 1),
(293, 48, 28, 24, 3),
(294, 66, 27, 8, 2),
(295, 40, 40, 20, 1),
(296, 35, 43, 22, 3),
(297, 41, 46, 13, 3),
(298, 41, 35, 24, 2),
(299, 41, 30, 29, 2),
(300, 43, 32, 25, 2),
(301, 37, 51, 12, 3),
(302, 100, 0, 0, 2),
(303, 44, 56, 0, 0),
(304, 39, 41, 20, 0),
(305, 38, 0, 62, 0),
(306, 0, 100, 0, 0),
(308, 56, 13, 31, 2),
(309, 100, 0, 0, 2),
(310, 28, 48, 24, 3),
(311, 44, 34, 22, 3),
(312, 0, 100, 0, 0),
(313, 28, 73, 0, 0),
(314, 11, 54, 35, 3),
(314, 11, 54, 35, 3),
(314, 11, 54, 35, 3),
(315, 0, 100, 0, 1),
(316, 19, 81, 0, 0),
(317, 0, 72, 28, 0),
(319, 23, 67, 10, 3),
(318, 50, 18, 32, 0),
(320, 45, 46, 10, 3),
(321, 49, 32, 19, 2),
(322, 46, 54, 0, 3),
(323, 75, 17, 8, 1),
(325, 47, 39, 14, 3),
(326, 0, 44, 56, 0),
(327, 25, 0, 75, 0),
(328, 88, 12, 0, 2),
(329, 47, 35, 18, 3),
(330, 27, 49, 24, 3),
(333, 26, 74, 0, 1),
(332, 29, 49, 21, 1),
(335, 100, 0, 0, 2),
(334, 52, 22, 26, 3),
(336, 47, 31, 22, 2),
(331, 69, 31, 0, 2),
(337, 0, 100, 0, 3),
(339, 46, 26, 29, 1),
(338, 55, 24, 21, 1),
(342, 14, 58, 28, 3),
(341, 14, 58, 28, 3),
(343, 24, 76, 0, 1),
(344, 44, 40, 16, 1),
(345, 100, 0, 0, 2),
(346, 44, 42, 15, 3),
(347, 45, 33, 23, 3),
(348, 58, 27, 15, 2),
(349, 50, 23, 28, 3),
(352, 52, 32, 15, 3),
(353, 45, 22, 32, 3),
(354, 28, 47, 25, 3),
(355, 0, 81, 19, 3),
(356, 100, 0, 0, 2),
(357, 54, 30, 17, 3),
(358, 91, 0, 9, 0),
(359, 0, 100, 0, 1);

-- --------------------------------------------------------

--
-- Table structure for table `management`
--

CREATE TABLE IF NOT EXISTS `management` (
  `id` int(11) NOT NULL AUTO_INCREMENT,
  `bg_name` text NOT NULL,
  `en_name` text NOT NULL,
  `en_desc` text NOT NULL,
  `bg_desc` text NOT NULL,
  `score_group` text NOT NULL,
  PRIMARY KEY (`id`)
) ENGINE=InnoDB  DEFAULT CHARSET=utf8 AUTO_INCREMENT=4 ;

--
-- Dumping data for table `management`
--

INSERT INTO `management` (`id`, `bg_name`, `en_name`, `en_desc`, `bg_desc`, `score_group`) VALUES
(0, 'Успокоителен обмен', 'Sedative awareness', 'It is a sign of tendency which enable to resume dealing with the escaping source of negative affects and more effective remediation, reduction or attenuation is gained. It is transient state of optimizing the non-winning trade-offs or coping by masking of or compromising the confusion of limited personal resources to deal with stress.', '(Унес) Търсиш и намираш в живота различни начини за лично успокояване, временно облекчаване. Резултатите показват, че има частичен или временен, неустойчив баланс между намеренията ти, последствията от действията и отношенията с другите, съпоставени с условията и уменията ти да постигаш това, към което се стремиш.', '00'),
(1, 'Уравновесен обмен', 'Balanced awareness', ' Optimized and satisfied emotional life due to successful strategies to keep short-term winning emotional payoff. There are no clear signs for future long-term balance to be stable and it could transform in self-sedative or pre-addictive management state.', '(Хармония) Общото състояние на емоционалния ти живот показва благоприятно съотношение в полза на положителните преживявания. Въпреки хармоничните взаимоотношения и благотворния изход от житейските обстоятелства няма ясен знак, че в бъдеще тази перспектива би могла да се задържи като дългосрочна тенденция. Равновесието е непостоянно състояние, особено когато претърпяваш изпитания. Това оставя своя отпечатък на редуващи се благотворни и ощетяващи изживявания. Внимателно осмисляш последствията, така че да избегнеш или да редуваш успокоителни и увличащи отношения.', '11, 01, 10'),
(2, 'Увличащ обмен', 'Pre-addictive awareness', 'Prompt to partially sedate with skills which leading to a kind unrealistic feelings, „as if“ benefits when negative anticipation is evoked and linked to further unpleasant emotional consequences and so increases urgency to deal with minimal risk. There is a clear signs of temporal balanced nuclear outcomes due to conditional minimization of emotional effects, leading sometimes to lack of motivation or of positive exaggeration and overload due to maximization of positive trade-offs by strong commitment to something valuable to compensate negative emotional experience at expanse of potential future emotional turbulence.', '(Захлас) Само частично намираш начини да уталожиш и намалиш емоционалните вреди и стреса с познатите ти умения или навици, като в същото време проличава и тенденция да губиш почва под краката, да се появяват моменти на силни предизвикателства към емоционалната устойчивост, както и да изпитваш трудности да предугаждаш и негативните последствия, да смесваш в гледната си точка реалистични и нереалистични отношения и преценки, дори и при обичайни ситуации, с минимални рискове. Ефектът от тази неравномерност в чувствата насочва към това, че използваш омаловажаващи или прикриващи отрицателния ефект на емоциите подходи, което води до частичното им осъзнаване. Това може да доведе до нереалистични очаквания или да те лиши от мотивация. Насочва към това, че наваксваш за отрицателните си преживявания с преувеличаване на положителните, което може да създаде неочаквани конфликти или напрежение, поради което трудно може да се предскаже резултата или благоприятния изход, въпреки временното удовлетворение, което изпитваш.', '02, 12'),
(3, 'Пристрастяващ обмен', 'Addictive awareness', 'Temporal, unsuccessful or compulsive try to find way out from difficult situation or get rid of without positive savoring, whose absence is punishing and whose presence briefly provides relief, but also perpetual vigilance and minimal awareness is provided as a cost of emotional turbulence. There is a clear signs of emotional turbulent trade-offs due to a frequent conflicts, confusions about the personal meaning and purposes or of stressful and non-optimized overload due to not well managed emotional ambiguities or unsuccessful compromising which leads to self-sacrifices and high risk for personal integrity.', '(Опиянение) Макар и да предоставят временно и кратко облекчение и намаляване на емоционалното напрежение, навиците и подходите, с които човек се опитва да предотврати неуспехите или несполуките от трудни за решаване житейски проблеми, в крайна сметка завършват с неблагоприятен изход, който поддържа нереалистични емоционални пристрастия и високата вероятност да се поддаде отново и отново на високорискови или нараняващи преживявания вследствие на лични емоционални навици.', '20, 21, 22');

-- --------------------------------------------------------

--
-- Table structure for table `miniscripts`
--

CREATE TABLE IF NOT EXISTS `miniscripts` (
  `id` int(11) NOT NULL AUTO_INCREMENT,
  `bg_name` text NOT NULL,
  `en_name` text NOT NULL,
  `subscript_id` int(11) NOT NULL,
  `domain1_id` int(11) NOT NULL,
  `domain2_id` int(11) NOT NULL,
  `bg_desc` text NOT NULL,
  `en_desc` text NOT NULL,
  PRIMARY KEY (`id`)
) ENGINE=InnoDB  DEFAULT CHARSET=utf8 AUTO_INCREMENT=45 ;

--
-- Dumping data for table `miniscripts`
--

INSERT INTO `miniscripts` (`id`, `bg_name`, `en_name`, `subscript_id`, `domain1_id`, `domain2_id`, `bg_desc`, `en_desc`) VALUES
(0, 'Изследователство', 'Exploration', 0, 3, 2, '(Преполагаеми подбуди: Проникновение или Разкриване) Имаш желание да постигнеш проникновение или да разкриеш потенциала си като се стремиш да проучваш нови полета и възможности или да получиш признание за откритията ти.', '(Possible inducements: Penetration or Disclosure) Wish to repeat discoveries or to become recognized for investigation.'),
(1, 'Усъвършенстване', 'Improvement', 0, 3, 9, '(Преполагаеми подбуди: Обогатяване или Подобрения) Увеличаваш потенциала си като развиваш уменията и талантите си, макар понякога да е за сметка на другите.', '(Possible inducements: Enrichment or Enhancement) Increased continuing positive peaks in development of skills, talents, sometimes maintaining others for your personal benefits.'),
(2, 'Ангажираност', 'Responsiveness', 1, 2, 1, '(Преполагаеми подбуди: Заинтересованост или Гордост) Търсиш по-ангажирано и активно, отколкото да очакваш пасивно нещо неизживяно досега. Намираш `общи допирни точки` между важните за теб цели и всичко останало, което приемаш за лично достояние, като се стараеш с чувство за отговорност да се превръне в като нещо цялостно.', '(Possible inducements: Involvement or Pride) Evoking or seeking rather than to be passively opened to something never experienced. Integrate a lot of diverse relationships by `cross-referencing` that rendered all relevant to your personal sense of responsiveness.'),
(3, 'Ползотворност', 'Productive', 2, 2, 9, '(Преполагаеми подбуди: Усърдие или Признание) Допринасяш с постиженията си отново и отново.', '(Possible inducements: Worthwhile or Endeavour) Producing contributions with success again and again. '),
(4, 'Творчество', 'Creative', 2, 2, 0, '(Преполагаеми подбуди: Вдъхновение или Оригиналност) Опитваш да създадеш нещо ново или оригинално.', '(Possible inducements: Inspiration or Fancy) Attempt to invent something new or perform yourself in a unique fashion.'),
(5, 'Сполука', 'Anticipatory', 4, 3, 1, '(Преполагаеми подбуди:  Добро предчувствие или Прозорливост) Ориентираш се и очакваш в бъдеще да постигнеш голямо възнаграждение, избор, който ти носи удовлетворение и в настоящия момент.', '(Possible inducements: Foreseeing or Providece) Positive future-oriented of a great reward that offer the `summon bonum` in the present.'),
(6, 'Постижения', 'Aesthetic', 2, 0, 9, '(Преполагаеми подбуди: Привързаност или Облагородяване) Търсиш начини да се обогатиш естетически, да се отдадеш на артистично изживяване, но и да се гордееш като допринасяш с красота.', '(Possible inducements: Attachment or Sublime) Looking for life-completeness in a gentle way or entertaining, embellishing taking pride in something.'),
(7, 'Инициативност', 'Aggregation', 3, 0, 1, '(Преполагаеми подбуди: Благополучие или Напредък) Правиш такъв подбор на важните за теб хора и цели или комбинираш неща като вярваш, че това ще увеличи ш ансовете и източниците на ресурси. Това подсилва условията да се увенчаеш с успех.', '(Possible inducements: Advance or Well-being) Multiply sources are conjoined in new choice of enterprising.'),
(8, 'Благодарност', 'Gratitude', 3, 1, 9, '(Преполагаеми подбуди: Доверие или Уважение) Отново и отново преживяваш положителни емоции като преоткриваш или се връщаш към минали моменти, теми и места, ритуали или действия, осъществаваш намеренията си според възможностите ти, толкова, колкото ти е достатъчно.', '(Possible inducements: Trust or Admiration) Re-experiencing something doable again and again, to turn something easy enough to accomplish or to get a reward attempts to revisit or recover the past or take part in admirable life rituals, rehearsals and repetitions, revisiting lovely places and topics.'),
(9, 'Рискуване', 'Gambling', 0, 3, 0, '(Преполагаеми подбуди: Хитрост или Предизвикателство) Опитваш да вложиш малко усилия или предприемаш такива премерени рискове, за да постигнеш спечелиш значително, което да облекчи отрицателните чувства от евентуални загуби.', ' (Possible inducements: Pretension or Challenge) Prompt to invest a small amount of efforts to win psychic affluence that would attenuate negative affects.'),
(10, 'Обмисляне', 'Systematic', 12, 9, 7, '(Преполагаеми подбуди: Придирчивост или Критичност) Опитваш се да разбереш причината за случващи се проблеми, да размишляваш задълбочено, за да ги подредиш. Планираш цялостно и подробно причините и последствията.', '(Possible inducements:  Scrutiny or Criticism) Try to understand by asking what or how problems happens or prompt transformation through reconsidering issues.'),
(11, 'Възползване', 'Opportunism', 12, 0, 6, '(Преполагаеми подбуди: Облага или Целесъобразност)  Отлагаш, защото преживяваш период, през който животът те лишава от възможности да го експлоатираш за свое лично облагодетелстване. Тъй като проблемите могат да бъдат решени в друг момент, за когото смяташ, че ще е по-благоприятен и допускаш че противоречията ще отминат, смяташ, че решение ще се намери, въпреки ограничените ти усилия.', '(Possible inducements: Convenience or Expedience) You know that life would not allow you to exploit all resources for you own benefits and you back off the problematic for another day that might be more fortunate which may lead to bifurcation or partial affluence to coexist with severe remediation or limitation of efforts)'),
(12, 'Посвещение', 'Dedication', 6, 2, 6, '(Преполагаеми подбуди: Отдаденост или Преданост) Поемаш щети и негативни последствия като необходима част от мисията ти да предoтвратиш или помогнеш проблемите да не се случат отново. Намираш мотив като се водиш от идеалните ти представи за живота.', '(Possible inducements: Devotion or Loyalty) Absorb negative emotional costs as a necessary price when try to give meaning to prevent or help problems not to happen again or to produce idealized future as a doubling motive.'),
(13, 'Предпазливост', 'Prudential', 5, 0, 4, '(Преполагаеми подбуди: Внимателност или Благоразумие) Опитваш се да намалиш рисковете като избягваш бъдещи отрицателни последици.', '(Possible inducements: Attentiveness or Discretion) Prompt to moderate the risks avoiding future negative consequences.'),
(14, 'Неотстъпчивост', 'Determination', 14, 5, 6, '(Преполагаеми подбуди: Упортво или Инат) С цената да си на ръба да се побъркаш заради свои драматични претенции или завист, вместо да се оттеглиш и изплашиш пред по-силни от теб препятствия. Събираш амбиция да извоюваш това, което искаш или да се изправиш с решителност срещу това, което ти отнема удовлетворението и представлява нещо важно за теб. Да спечелиш това, което искаш не е достатъчно, а да загубиш - не е предизвикателство. Издава слабости в характера като прекалена амбиция или липса на търпение например, които могат да се превърнат в предимства стига да платиш необходимата цена и да се упражниш в дисциплина, която може да те предпази от отчаяние и безразсъдство.', '(Possible inducements: Straightforwardness or Obstinacy) The obstacles drive you half mad instead of funk and cowardly flew. Choosing to face, to confront with and show resilience you have dramatic aspirations due to envy or deprivation irresistibly drawn to something more important then you, in the face of punishment, to win over or lose much then you could gain through splendidly at the cost of discipline to tame the desperation.'),
(15, 'Опростяване', 'Simplification', 9, 0, 7, '(Преполагаеми подбуди: Изчерпване или Нехайство) Живееш според ограничерните ти възможности, за да преобърнеш отрицателните си преживавания в нещо лесно и достатъчно достижимо като опростяваш решенията си или се опитваш да избегнеш конкуренцията в живота.', '(Possible inducements: Depletion or Laxity) Try to turn negative experience to something easy enough to accomplish the life style in the attempt to deal with turbulence to get away from the human „rat race“.'),
(16, 'Надежда', 'Hope', 14, 9, 6, '(Преполагаеми подбуди: Съчувствие или Милост) Разчиташ, че като понасяш лишения и страдание в настоящия момент, ще си осигуриш облекчение за съмненията или липсата на нещо изгубено или нещо, което обещава възнаграждение в бъдеще.', '(Possible inducements: Compassion or Mercy) May provide the rewards in the future over suffering or scarcity in the past or present, offering promises, arising from the image of future or past, whose outcome to some extent we doubt, a kind of antidote or attenuation, i.e. looking for compassion or mercy.'),
(17, 'Съобразяване', 'Conformity', 12, 6, 8, '(Преполагаеми подбуди: Изпълнителност или Зависимост) Нагаждаш се към и следваш предимно очакванията на другите, за да не загубиш уважавението им или да получиш някакъв шанс от тях или да преодолееш чувство за вина.', '(Possible inducements: Allegiance or Dependance) Comply to be with other people to enable partial recognition or at least some chance to overcome guilty feelings.'),
(18, 'Достойнство', 'Dignity', 15, 4, 9, '(Преполагаеми подбуди: Чест или Самодоволство) Пренатоварваш се от значението на проблемите или смисъла на несполуките, които може би са по-големи от възможностите и волята ти да се справиш и каквото и да предприемеш, се озоваваш там, откъдето тръгваш, попадаш на същата тема отново и отново. Приемаш с достойнство, че тези проблеми не са само твои, а са проблеми на човешкото съществуване, че ги преживяваш като нещо. Това не само те поставя натясно и рискува да се превърне в трагедия, но изисква и влагане на допълнителни усилия, за да избегнеш повторението на собствения или чужд модел, който увлича към беда или провал.', '(Possible inducements: Emonence or Complacency) Preoccupied with some trouble or problem, which is big thing, then no matter what you start from, the association will lead finally and inevitably back to that same theme, a condition over you have very little control. There is a dignity in seeing that this is an existential problem and it may even appearс as smoothing nasty, as a situation which is too foul to be a subject of a tragedy, but of a working out to unchain from repetition of.'),
(19, 'Примирение', 'Resignation', 10, 1, 6, '(Преполагаеми подбуди: Търпение или Забвение) Оттегляш се и се отказваш, когато смяташ, че не е достатъчно да се подчиниш или да се предадеш на житейския натиск. Все пак приемаш, че това е най-доброто, което можеш да направиш, като запазиш с чувство на носталгия или съхраниш вярата, че нещата в живота, изпълнен с лишение и страдание, може да се наредят от само себе си, дори и това да коства самота и неразбиране.', '(Possible inducements: Forbearance or Oblivion) Prompt to resign when submission is not appropriate to overwhelming pressure and obligatory state, inherited to evoke positive feeling for being „good“, a kind of feeling of solitude or nostalgia about something lost, or sharing common faith with others about negative consequences from poverty or scarcity of life.'),
(20, 'Объркване', 'Confusion', 11, 3, 4, '(Преполагаеми подбуди: Заблуда или Нерешителност) Когато в живота човек е сварен в неподготвена позиция, обикновено придава на подобно развитие смисъл на злощастие или оправдава с моментно затруднение или недоразумение, може би дължащи се на липса на възможност за преценка или стеснена свобода за избор. Ограниченията пред намеренията  и широтата на погледа пречат човек да разгърне напълно и по подходящия начин капацитета си. Това състояние е проява на мнителност и води към търсене на повод за подозрения. Понякога подобни състояния карат човек да се замисли за съмнителни взаимоотношения, които го ощетяват умишлено, като отнемат шанса измамен и измамник да си получат заслуженото и вследствие на това единият понася загубата.', '(Possible inducements: Twisted or Hesitation) Been unprepared, starved by shakedown, with lack of freedom to choose and to express feelings of been hooked - involved in cunning “one-sided winning” life con game sequel without well-guarantied reciprocating and little chance to exercise full capacity in favorable undone, anticipating new losses.'),
(21, 'Горчивина', 'Bitterness', 14, 6, 7, '(Преполагаеми подбуди: Обида или Нещастие) Когато се съчетаят силна самовлюбеност, непоносимост към себе си и собствените постъпки или се натрупат твърде противоречиви чувства на любов-омраза едновременно към някого, животът те въвлича в междуличностни конфликти, така, че да смяташ, че хем не можеш без даден човек или хората около теб, представляващи страна в конфликтите, хем ти се иска да не са близо до теб и ти до тях и това обяснява състоянието на разочарование и отказ от от взаимно разбиране.', '(Possible inducements: Insult or Grouch) When combination of a deep self-love, excessive self-disgust or perennial love-hate relationship appears, there is an involvement in a interpersonal conflicts, so each party appears at once „divine and satanic“ to other party and so they can neither live with or without each others which may lead to disappointments and misunderstanding in relations.'),
(22, 'Несполука', 'Misfortune', 19, 6, 3, '(Преполагаеми подбуди: Провал или Нищета) Неуспехи или неудачно стечение на обстоятелствата, превръщат живота ти в мудно изпитание, за които човек не предполага, че може и да не е подготвен и за които не можеш да се опреш на интуицията си или житейския ти опит за това какъв ще бъде вероятния изход и въпреки това крият частично шансове да извлечеш някакви положителни поуки.', ' (Possible inducements: Calamity or Misery) A setback of hardships or sudden accident take off over your emotional experience and trace it deeply and turn into a sluggish challenging trample and it depends on your efforts, even your are still not prepared for to deal with it, to be successfully transformed in a partial positives.'),
(23, 'Компромиси', 'Acceptance', 10, 6, 4, '(Преполагаеми подбуди: Учтивост или Отстъпчивост) Когато приемаш със загриженост, съпричастие или привързаност отношенията си с другите и това, което обичаш, правиш и трудни избори, дори и да не са по вкуса ти и живота да не се съобразява с волята ти.', '(Possible inducements: Politeness or Condescension) Consideration of a choice which had not been made by will but is inherent to existence.'),
(24, 'Високомерие', 'Arrogance', 17, 5, 0, '(Преполагаеми подбуди: Презрение или Злорадство) Извличаш удоволствие от преимуществото си, понякога от нещастието или несполуките на другите, за които смяташ, че те са си ги заслужили. Дори и тайно, вътре в себе си имаш възможност да получиш непосредствено удовлетворение, че превъзхождаш другите, които смяташ за маловажни, или от това да намираш начин да ги омаловажиш преди да са те наранили.', '(Possible inducements: Contempt or Schadenfreude) A pleasure derived from the personal supremacy in the face of others and their misfortune or mistakes, a prompt to make the others feel the negative feelings personally by pouting or express open enjoyment of the other person`s comeuppance (harm-joy), looking down on someone or get pleasure from someone`s pain which you think they may deserved. This may lead to gain more personal benefits of secret gratification being insensitive, disdainful or comfortable with the anger or from attempt to surpassing the others in some vindictive way.'),
(25, 'Дързост', 'Boldness', 6, 8, 2, '(Преполагаеми подбуди: Смелост или Прямота) С много усилия се опитваш да намалиш отрицателните последствия или да си върнеш отново благоприятното състояние като се съгласяваш да признаеш и с готовност да платиш подходяща емоционална цена, за да си поправиш или неутрализираш вредите, но понякога в името на престижа или самочувствтието си криеш намеренията си.', '(Possible inducements: Courage or Candour) With a great deal of efforts for the benefits that would minimize negative emotional consequences you try to undo or pay appropriate price to be absorbed to reinstated or neutralize negative emotional costs, for insisting to reenter to positive state of emotions again, but sometimes stalking people in a creepy manner.'),
(26, 'Непоколебимост', 'Perseverance', 1, 5, 2, '(Преполагаеми подбуди: Настоятелност или Решителност) Опитваш се да запазиш това, което цениш, накърнено от безуспешните опити или провали да осъществиш житейски цели, като приемаш, че трябва да плащаш извънредна и непосилна цена.', '(Possible inducements: Firmness or Resolution) Trying to pay excessive intellectual or material price to remain one’s own awareness eroded by unsuccessful completion of life aims or by excessive failures to make progress toward completion.'),
(27, 'Подозрениe', 'Suspicion', 19, 5, 3, '(Преполагаеми подбуди: Съмнение или Подлост) Предизвикателствата ощетяват, отнемат възможности, подбуждат към завист или обиждат дълбоко, понякога до такава степен, че обстоятелствата те подтикват да смяташ другите за основната причина.', '(Possible inducements: Doubt or Turpitude) Sometimes life-pranks have insulted you, took out opportunities and have forced you to think that other people deserve their proper pay-off.'),
(28, 'Противопоставяне', 'Toxic-Counteractive', 15, 5, 4, '(Преполагаеми подбуди: Съперничество или Защита) Прoтивопоставяш се на опасност или на нещо, което те уязвява, обижда, наранява, вреди. Кара те да се подготвяш да отвърнеш или да си изкараш, каквото ти се е натрупало в опит да се освободиш от тежестта на емоционалната несправедливост и ощетеност, така че да съответства на непосилните и отрицателните ти преживявания. Това може да доведе до задълбочаване, тъй като опитите ти намаляват стреса само донякъде, с оглед на непосредственото настояще и на цената на нереалистично упорство, което се превръща на моменти в самоцелен отпор.', '(Possible inducements: Rivalry or Defense) Attempts to pay an excessive price and prompt а mobilization of all resources in a war against something treating, intolerable in its nature, displacing frustration at the same costs on others in efforts actively to reduce emotional turbulence for the most meager benefits in immediate perspective.'),
(29, 'Отмъщение', 'Avenge', 17, 5, 9, '(Преполагаеми подбуди: Правдивост или Възмездие) Поемаш и събираш причини и поводи, заради тровещи чувства, причинени от други, да си го върнеш или излееш върху тях, въпреки, че има значителна вероятност да ти се върне същото в бъдеще. Да настояваш да си върнеш залуженото, да потърсиш разплата, да ти предложат нещо, което си струва в замяна - да се съобразяват с теб, да спечелиш загриженост, с дипломатичен подход - правиш това, за да си запазиш достойнството, дори с цената на упорство.', '(Possible inducements: Righteousness or Retribution) There is signs of try to accumulate a very toxic feelings and to reverse the experienced negative costs on others in the future because you thing it is fair enough to be managed in this way. Insisting for pay back, to repay or to be offered something worthwhile in exchange - proper timing, careful approach, diplomacy  - for a privilege of to be able to save face.'),
(30, 'Нетърпимост', 'Intolerance', 13, 5, 7, '(Преполагаеми подбуди: Нетърпение или Предубеждение) Когато се съчетаят силна самовлюбеност, непоносимост към себе си и собствените постъпки или се натрупат твърде противоречиви чувства на любов-омраза едновременно към някого, животът те въвлича в междуличностни конфликти, така, че да смяташ, че хем не можеш без даден човек или хората около теб,представляващи страна в конфликтите, хем ти се иска да не са близо до теб и ти до тях и това обяснява отношението на нетърпимост, озлобяване и обидчивост.', ' (Possible inducements: Impatience or Prejudice) When a combination of a deep self-love, an excessive self-disgust or a perennial love-hate relationship appears, there is an involvement in a interpersonal conflicts, so each party appears at once „divine and satanic“ to other party and so they can neither live with or without each others which may lead to rejecting and insulting relations.'),
(31, 'Отчуждение', 'Alienation', 21, 7, 1, '(Преполагаеми подбуди: Разочарование или Претензиозност) Когато се съчетаят силна самовлюбеност, непоносимост към себе си и собствените постъпки или се натрупат твърде противоречиви чувства на любов-омраза едновременно към някого, животът те въвлича в междуличностни конфликти, така, че да смяташ, че хем не можеш без човека или хората до теб, представляващи страна в конфликтите, хем ти се иска да не са близо до теб и ти до тях и това обяснява избора на отчуждението, трайното хладно недоверие и поддържане на дистанция.', '(Possible inducements: Disappointment or Snobbery)  When combination of a deep self-love, excessive self-disgust or perennial love-hate relationship appears, there is an involvement in a interpersonal conflicts, so each party appears at once „divine and satanic“ to other party and so they can neither live with or without each others which may lead to serious disappointment, disapproval, distancing  and lack of interest to have a relations with others.'),
(32, 'Отърсване', 'Purification', 9, 2, 7, '(Преполагаеми подбуди: Лекомислие или Взискателност) Правиш каквото можеш, за да си изясниш противоречията и да преодолееш объркванията, от които страдаш като разглеждаш по-наедро страните на проблемите или като се отчуждаваш от същината на конфликтите.', '(Possible inducements: Flippery or Perfection) A try to understand ambiguity and prompt to overcome suffering disorientation by trying to resolve multiply aspects of conflicts with some degree of unification or alienation from both sides of the problem.'),
(33, 'Надмощие', 'Power', 13, 5, 1, '(Преполагаеми подбуди: Ревност или Предимство) Отразява опитите ти да повишиш възможностите и уменията ти, подтикват към завист и подлага на изпитание способностите ти да се справиш със загуби или да подобриш вътрешния ти стрес и произтичащото от това чувство на безсилие.', '(Possible inducements: Jealousy or Supremacy) Resonate the ambition to increase the skills and toughness to cope with negative losses or manage better to endure emotional stress and to overcome the possible danger when you feel yourself powerless, especially in `love-hate` relationships.'),
(34, 'Равносметка', 'Review', 9, 7, 3, '(Преполагаеми подбуди: Недостaтъчност или Неуместност) Знак за коренна промяна повлияна от настойчивостта и неотложността на пренебрегвани или отлагани изисквания и нужди или внезапна загуба на скъпи хора или отношения, която загуба постепенно освобождава от свръхангажиране с миналото или нужда да се сравнява с планове за бъдещето.', '(Possible inducements: Unsofficiance or Disproportion) Address negative affects as a sign of a radical change ordered by invidious comparison between the present, the past, the future - as it now is, as it was and as it was believed to be or mourning process influenced by the overload of neglected demands and losses, but at the end  frees from relations to them.'),
(35, 'Поражение', 'Defeat', 18, 7, 8, '(Преполагаеми подбуди: Неуспех или Нежелание) Преодолими и преходни недоразумения, налагащи временно прекъсване на интереса заради конфликт на лични вкусове и предпочитания; предпочиташ да криеш и потискаш чувствата, защото приемаш твърде лично и надълбоко нещо, което не зависи само от теб, но и от другата гледна точка, която е достатъчно привлекателна.', '(Possible inducements: Failure or Reluctance) Feelings of guilt or loss is a possible source of a mild and transient state of purification from consequences deriving from value clash, introducing affect control and self-restrain, which would address negative emotions as a problem hiding its expression, preventing its communication, inhibiting action or awareness of negative affect and misunderstandings with involvement of deep personal feelings, possessed by one culture inheritance while tempted by another culture.'),
(36, 'Прелъстеност', 'Seduction', 7, 4, 2, '(Преполагаеми подбуди: Съблазън или Нетърпение) Изкушаваш се и се поддаваш на желанието ти да се впуснеш или премериш сили. Въпреки объркването и напрежението от избора, обичайното следствие от съчетанието между силното желание и страх може да доведе до това хем да искаш силно, хем да се възпираш или да те накара да преживееш силна загуба на нещо, на което е трудно да се устои или от което е невъзможно да се възстановиш. Това би те довело до вътрешно напрежение и безсилие да възстановиш нещата до това добро ниво, на което са били.', '(Possible inducements: Lust or Impatience) Arises from the exposing to competition with heavy turbulence and confusion – a kind of a conjunction of greed and cowardice confusion, leading to unwillingness to renounce or mourn what has become irresistibly seductive or from the inability to recover what has been lost or from the conflicted and intolerable to restless and hopeless attempt to make a reversal of the bad life scenes into good.'),
(37, 'Смирение', 'Humble', 8, 8, 1, '(Преполагаеми подбуди: Скромност или Кротост) За да осъществиш целите си се предполага и жертвоготовност, съчетаваща яснота и разбиране за непреодолимите препятствия или непостижимостта на стремежите ти, но въпреки това са източник на вяра, понякога на цената на болезнено чувство, че преследваш по-скоро илюзиите ти, че скромността и потискането са безплодни, или предпочиташ да се отдаваш на химерите си. Смирението може да изглежда и като нерешителност пред нещо по-голямо, но издава и едновременно с това вярата, че не бива да се месим в това, което се случва, тъй като не го разбираме напълно. Да се оттеглиш не означава да изгубиш.', '(Possible inducements: Modesty or Gentleness) Your self-sacrificing is generous even when you are clearly understood that you are faced with the very hardships of life although your expectations are not great, the heaven is far away from here. Anyway, this is ultimate challenge to you which enforce your faith does not matter you are aware about the truth you take part in the "big chasing" of illusions. To be humble is not to disturb, nevertheless it could looks like indecisiveness, but to be aware that something big is happening, often times bigger than one could imagine. Humble person would not interfere, would not state it to the unaware. To be humble has the sense of giving something up, but still having it.'),
(38, 'Загриженост', 'Concern', 5, 4, 1, '(Преполагаеми подбуди: Затруднение или Безпокойство) Прекомерната въвлеченост в дългосрочен план те потиква да влагаш все повече и повече, докато не се превърне в тревожна обвързаност, която стеснява гледната точка и избора ти. Когато приемаш със загриженост или прекомерно съпричастие отношенията си с другите и това, което обичаш, правиш и трудни избори, дори и да не са по вкуса ти и живота да не се съобразява с волята ти.', '(Possible inducements: Struggle or Disturbance) Your attentiveness and carefulness drive you to invest overly, more and more, until your good will became chained and your perspectives set up in narrow fashion and turn into anxious preoccupations.'),
(39, 'Покорство', 'Submission', 18, 8, 9, '(Преполагаеми подбуди: Страхопочитание или Послушание) Опитваш се отново и отново да се противопоставиш според собствения ти житейски опит и навици с цел да намалиш вредите от житейките несгоди и опасности, които надхвърлят така или иначе възможностите ти да се справиш.', '(Possible inducements: Respect or Compliance) Prompt to deal and attenuate with severe negative costs coming from repetitive investment in defensive strategies looking for protection to counter-act when threat is bigger that abilities to deal with.'),
(40, 'Неодобрение', 'Disparagement', 16, 5, 8, '(Преполагаеми подбуди: Неудобство или Пренебрежение) Преодолими и преходни недоразумения, показват че имаш склонност да се водиш от собствената преценка, да приемаш, че истината е на твоя и не се интересуваш заради различия в ценностите, лични вкусове и предпочитания, без да приемаш твърде лично и надълбоко нещо, което не зависи само от теб, но и другата гледна точка, която остава достатъчно привлекателна.', '(Possible inducements: Dicomfort or Scorn) A sign of a mild and transient state of purification when observing or being engaged in wrongdoing, because someone has right on own side, due to of value clash, introducing misunderstandings without involvement of deep personal feelings, possessed by one culture inheritance while tempted by another culture.'),
(41, 'Подсигуряване', 'Insurance', 8, 0, 8, '(Преполагаеми подбуди: Сигурност или Увереност) Опитваш да се възстановиш или да се ограничиш с малки усилия от проблемите преди да настъпи голямата загуба или да се презапасиш заради предполагаема опасност или предстоящо стечение на обстоятелствата, водещо до чувство на недостиг или ощетяване.', '(Possible inducements: Security or Assurance) Аttempt to recover the `pre-problematic` before all the trouble started or to limit very large possible negative losses at the face of danger or scarcity by small amount of efforts or by hoarding.'),
(42, 'Винa', 'Guilt', 11, 4, 8, '(Преполагаеми подбуди: Упреци или Угризения) Плащаш си за понасянето на стреса само до степен, която позволява да се опиташ да постигнеш компромиси, да покриеш дълг или гузна съвест, които смяташ за важна част от взаимоотношения, макар че живота ти показва, че невинаги са подходящи или успешни. Отстъпките или разкаянието осигуряват вратичка да се измъкнеш, да се спасиш по някакъв начин или да избягаш от силния емоционален водовъртеж, въреки, че това ти дава най-нищожното удовлетворение в краткосрочен план.', '(Possible inducements: Reproach or Fault) Represents attempts to pay overly excessive and toxic price, as if it is a debt to someone for something, such as inadequate compromises in efforts to passively minimize (escape avoid, running away, accepting being alone, becoming mute, etc.) emotional turbulence for the most meager benefits in short-term perspective.'),
(43, 'Заплаха', 'Intimidation', 20, 4, 7, '(Преполагаеми подбуди: Уязвеност или Принуда) Опитваш се да устоиш пред враждебността и усилията на другите да те унижават безуспешно и въпреки, че приемаш твърде лично вредите и плащаш емоционалната цена на стреса, се опитваш да извлечеш поне нещо от ролята, която живота ти отрежда като жертва.', '(Possible inducements: Hurt or Oppression) Prompt to reciprocate to hostility and efforts of others to intimidate you, however by sharing negative emotional price within, a kind of internalizing, moving the stress inside the body, taking very personally the bad consequences.'),
(44, 'Нелепост', 'Clumsy', 11, 8, 3, '(Преполагаеми подбуди: Несръчност или Невежество) Опитваш се да преодолееш неочаквано или нежелано, но не и с фатални последици събитие, което разкрива, че усилията ти могат да изглеждат като недообмислена или безпочвена инициатива.', '(Possible inducements: Ineptitude or Ignorance)  A sign of an attempt to overcome a sudden, harmless stagger issue, to prevent overwhelming consequences, even it looks like stupid situation sometimes, you are not prepared for to work through it due to cumbersome planning.');

-- --------------------------------------------------------

--
-- Table structure for table `miniscripts_stat`
--

CREATE TABLE IF NOT EXISTS `miniscripts_stat` (
  `id` int(11) NOT NULL,
  `miniscript_id` int(11) NOT NULL,
  `time` datetime NOT NULL
) ENGINE=InnoDB DEFAULT CHARSET=utf8;

--
-- Dumping data for table `miniscripts_stat`
--

INSERT INTO `miniscripts_stat` (`id`, `miniscript_id`, `time`) VALUES
(1, 8, '2015-11-20 17:26:21'),
(1, 29, '2015-11-20 17:26:21'),
(1, 33, '2015-11-20 17:26:21'),
(1, 40, '2015-11-20 17:26:21'),
(2, 7, '2015-11-21 03:37:59'),
(2, 14, '2015-11-21 03:37:59'),
(2, 19, '2015-11-21 03:37:59'),
(2, 30, '2015-11-21 03:37:59'),
(3, 2, '2015-11-25 15:43:19'),
(3, 4, '2015-11-25 15:43:19'),
(3, 7, '2015-11-25 15:43:19'),
(4, 33, '2015-11-25 15:47:26'),
(4, 30, '2015-11-25 15:47:26'),
(5, 26, '2015-11-25 21:16:59'),
(5, 30, '2015-11-25 21:16:59'),
(6, 3, '2015-11-26 20:58:18'),
(6, 32, '2015-11-26 20:58:18'),
(6, 10, '2015-11-26 20:58:18'),
(6, 18, '2015-11-26 20:58:18'),
(6, 36, '2015-11-26 20:58:18'),
(6, 43, '2015-11-26 20:58:18'),
(7, 4, '2015-11-27 21:48:53'),
(7, 8, '2015-11-27 21:48:53'),
(7, 10, '2015-11-27 21:48:53'),
(7, 15, '2015-11-27 21:48:53'),
(7, 32, '2015-11-27 21:48:53'),
(9, 6, '2015-12-01 09:42:56'),
(9, 11, '2015-12-01 09:42:56'),
(9, 41, '2015-12-01 09:42:56'),
(10, 0, '2015-12-05 20:29:24'),
(10, 22, '2015-12-05 20:29:24'),
(10, 27, '2015-12-05 20:29:24'),
(12, 3, '2015-12-07 03:37:12'),
(12, 10, '2015-12-07 03:37:12'),
(12, 12, '2015-12-07 03:37:12'),
(12, 14, '2015-12-07 03:37:12'),
(12, 16, '2015-12-07 03:37:12'),
(12, 17, '2015-12-07 03:37:12'),
(12, 21, '2015-12-07 03:37:12'),
(12, 25, '2015-12-07 03:37:12'),
(12, 26, '2015-12-07 03:37:12'),
(12, 29, '2015-12-07 03:37:12'),
(12, 30, '2015-12-07 03:37:12'),
(12, 32, '2015-12-07 03:37:12'),
(12, 35, '2015-12-07 03:37:12'),
(12, 39, '2015-12-07 03:37:12'),
(12, 40, '2015-12-07 03:37:12'),
(13, 14, '2015-12-07 04:06:10'),
(13, 19, '2015-12-07 04:06:10'),
(13, 33, '2015-12-07 04:06:10'),
(16, 10, '2015-12-11 09:52:54'),
(16, 11, '2015-12-11 09:52:54'),
(16, 15, '2015-12-11 09:52:54'),
(17, 22, '2015-12-11 10:37:04'),
(18, 30, '2015-12-11 15:04:29'),
(19, 23, '2015-12-12 14:34:56'),
(19, 42, '2015-12-12 14:34:56'),
(20, 3, '2015-12-15 02:34:50'),
(20, 4, '2015-12-15 02:34:50'),
(20, 6, '2015-12-15 02:34:50'),
(20, 24, '2015-12-15 02:34:50'),
(20, 26, '2015-12-15 02:34:50'),
(20, 29, '2015-12-15 02:34:50'),
(22, 5, '2015-12-18 21:33:27'),
(22, 19, '2015-12-18 21:33:27'),
(22, 37, '2015-12-18 21:33:27'),
(23, 10, '2015-12-22 15:54:59'),
(24, 7, '2015-12-28 16:18:04'),
(24, 15, '2015-12-28 16:18:04'),
(24, 36, '2015-12-28 16:18:04'),
(26, 17, '2016-01-05 18:05:28'),
(26, 19, '2016-01-05 18:05:28'),
(26, 22, '2016-01-05 18:05:28'),
(26, 27, '2016-01-05 18:05:28'),
(26, 37, '2016-01-05 18:05:28'),
(26, 38, '2016-01-05 18:05:28'),
(26, 40, '2016-01-05 18:05:28'),
(28, 20, '2016-01-09 10:10:41'),
(28, 37, '2016-01-09 10:10:41'),
(28, 38, '2016-01-09 10:10:41'),
(28, 42, '2016-01-09 10:10:41'),
(28, 44, '2016-01-09 10:10:41'),
(29, 40, '2016-01-09 00:49:32'),
(29, 42, '2016-01-09 00:49:32'),
(30, 7, '2016-01-09 15:09:32'),
(30, 13, '2016-01-09 15:09:32'),
(30, 23, '2016-01-09 15:09:32'),
(30, 38, '2016-01-09 15:09:32'),
(31, 41, '2016-01-09 21:02:59'),
(32, 21, '2016-01-10 12:33:56'),
(32, 35, '2016-01-10 12:33:56'),
(34, 8, '2016-01-14 21:07:21'),
(34, 10, '2016-01-14 21:07:21'),
(35, 7, '2016-01-16 19:36:59'),
(35, 12, '2016-01-16 19:36:59'),
(36, 2, '2016-01-16 20:56:16'),
(36, 33, '2016-01-16 20:56:16'),
(37, 0, '2016-01-18 13:26:01'),
(37, 4, '2016-01-18 13:26:01'),
(37, 5, '2016-01-18 13:26:01'),
(37, 7, '2016-01-18 13:26:01'),
(37, 26, '2016-01-18 13:26:01'),
(37, 27, '2016-01-18 13:26:01'),
(37, 28, '2016-01-18 13:26:01'),
(37, 33, '2016-01-18 13:26:01'),
(38, 0, '2016-01-21 10:54:57'),
(38, 1, '2016-01-21 10:54:57'),
(38, 3, '2016-01-21 10:54:57'),
(38, 10, '2016-01-21 10:54:57'),
(38, 34, '2016-01-21 10:54:57'),
(39, 6, '2016-01-22 10:58:05'),
(39, 10, '2016-01-22 10:58:05'),
(39, 13, '2016-01-22 10:58:05'),
(39, 15, '2016-01-22 10:58:05'),
(39, 18, '2016-01-22 10:58:05'),
(39, 24, '2016-01-22 10:58:05'),
(39, 28, '2016-01-22 10:58:05'),
(39, 29, '2016-01-22 10:58:05'),
(39, 30, '2016-01-22 10:58:05'),
(39, 43, '2016-01-22 10:58:05'),
(40, 2, '2016-01-23 14:35:13'),
(40, 4, '2016-01-23 14:35:13'),
(40, 6, '2016-01-23 14:35:13'),
(40, 7, '2016-01-23 14:35:13'),
(40, 8, '2016-01-23 14:35:13'),
(40, 10, '2016-01-23 14:35:13'),
(40, 25, '2016-01-23 14:35:13'),
(40, 31, '2016-01-23 14:35:13'),
(40, 37, '2016-01-23 14:35:13'),
(40, 39, '2016-01-23 14:35:13'),
(40, 41, '2016-01-23 14:35:13'),
(41, 14, '2016-01-22 22:51:29'),
(41, 30, '2016-01-22 22:51:29'),
(41, 35, '2016-01-22 22:51:29'),
(41, 40, '2016-01-22 22:51:29'),
(42, 2, '2016-01-22 23:11:18'),
(42, 3, '2016-01-22 23:11:18'),
(42, 4, '2016-01-22 23:11:18'),
(42, 6, '2016-01-22 23:11:18'),
(42, 7, '2016-01-22 23:11:18'),
(42, 8, '2016-01-22 23:11:18'),
(45, 9, '2016-01-25 21:22:47'),
(45, 24, '2016-01-25 21:22:47'),
(45, 40, '2016-01-25 21:22:47'),
(45, 44, '2016-01-25 21:22:47'),
(46, 6, '2016-01-27 15:54:24'),
(46, 8, '2016-01-27 15:54:24'),
(46, 11, '2016-01-27 15:54:24'),
(46, 16, '2016-01-27 15:54:24'),
(46, 19, '2016-01-27 15:54:24'),
(46, 39, '2016-01-27 15:54:24'),
(46, 41, '2016-01-27 15:54:24'),
(47, 14, '2016-01-28 11:04:40'),
(47, 17, '2016-01-28 11:04:40'),
(47, 21, '2016-01-28 11:04:40'),
(47, 22, '2016-01-28 11:04:40'),
(47, 28, '2016-01-28 11:04:40'),
(47, 30, '2016-01-28 11:04:40'),
(47, 43, '2016-01-28 11:04:40'),
(47, 44, '2016-01-28 11:04:40'),
(48, 7, '2016-01-29 14:26:39'),
(48, 10, '2016-01-29 14:26:39'),
(48, 18, '2016-01-29 14:26:39'),
(48, 31, '2016-01-29 14:26:39'),
(48, 38, '2016-01-29 14:26:39'),
(48, 39, '2016-01-29 14:26:39'),
(48, 43, '2016-01-29 14:26:39'),
(49, 23, '2016-01-29 16:51:17'),
(50, 4, '2016-01-29 19:13:38'),
(50, 7, '2016-01-29 19:13:38'),
(50, 13, '2016-01-29 19:13:38'),
(50, 25, '2016-01-29 19:13:38'),
(50, 31, '2016-01-29 19:13:38'),
(50, 38, '2016-01-29 19:13:38'),
(50, 43, '2016-01-29 19:13:38'),
(53, 0, '2015-07-07 22:12:25'),
(54, 17, '2015-08-09 14:30:49'),
(54, 42, '2015-08-09 14:30:49'),
(55, 8, '2017-09-02 12:17:08'),
(56, 5, '2015-09-24 14:31:05'),
(56, 41, '2015-09-24 14:31:05'),
(56, 37, '2015-09-24 14:31:06'),
(56, 31, '2015-09-24 14:31:06'),
(56, 35, '2015-09-24 14:31:06'),
(57, 4, '2015-09-24 15:49:15'),
(58, 33, '2015-10-20 15:47:26'),
(58, 30, '2015-10-20 15:47:26'),
(59, 3, '2015-10-21 20:58:18'),
(59, 32, '2015-10-21 20:58:18'),
(59, 10, '2015-10-21 20:58:18'),
(59, 18, '2015-10-21 20:58:18'),
(59, 36, '2015-10-21 20:58:18'),
(59, 43, '2015-10-21 20:58:18'),
(60, 24, '2015-11-10 13:32:24'),
(61, 14, '2015-11-13 12:50:50'),
(61, 21, '2015-11-13 12:50:50'),
(61, 30, '2015-11-13 12:50:50'),
(61, 31, '2015-11-13 12:50:50'),
(62, 15, '2015-11-13 15:52:30'),
(62, 31, '2015-11-13 15:52:30'),
(63, 30, '2016-02-20 10:38:30'),
(63, 42, '2016-02-20 10:38:31'),
(64, 36, '2016-02-20 11:27:29'),
(64, 37, '2016-02-20 11:27:30'),
(65, 4, '2016-02-20 14:50:45'),
(66, 37, '2016-02-20 14:59:13'),
(67, 37, '2016-02-20 15:17:08'),
(67, 38, '2016-02-20 15:17:08'),
(68, 1, '2016-02-20 15:35:15'),
(68, 2, '2016-02-20 15:35:15'),
(68, 3, '2016-02-20 15:35:15'),
(68, 26, '2016-02-20 15:35:15'),
(68, 29, '2016-02-20 15:35:15'),
(69, 3, '2016-02-20 15:44:23'),
(70, 30, '2016-02-20 15:09:36'),
(70, 31, '2016-02-20 15:09:36'),
(70, 35, '2016-02-20 15:09:36'),
(71, 5, '2016-02-23 11:49:05'),
(71, 14, '2016-02-23 11:49:05'),
(71, 17, '2016-02-23 11:49:05'),
(71, 19, '2016-02-23 11:49:05'),
(71, 30, '2016-02-23 11:49:05'),
(71, 31, '2016-02-23 11:49:05'),
(71, 33, '2016-02-23 11:49:05'),
(71, 37, '2016-02-23 11:49:05'),
(72, 17, '2016-02-26 16:39:52'),
(72, 21, '2016-02-26 16:39:52'),
(72, 35, '2016-02-26 16:39:52'),
(74, 7, '2016-02-27 20:40:34'),
(74, 11, '2016-02-27 20:40:34'),
(74, 13, '2016-02-27 20:40:34'),
(74, 19, '2016-02-27 20:40:34'),
(74, 21, '2016-02-27 20:40:34'),
(74, 22, '2016-02-27 20:40:34'),
(74, 23, '2016-02-27 20:40:34'),
(74, 31, '2016-02-27 20:40:34'),
(74, 34, '2016-02-27 20:40:34'),
(74, 38, '2016-02-27 20:40:34'),
(74, 41, '2016-02-27 20:40:34'),
(74, 42, '2016-02-27 20:40:34'),
(74, 44, '2016-02-27 20:40:34'),
(75, 8, '2016-03-08 10:10:15'),
(75, 18, '2016-03-08 10:10:15'),
(75, 19, '2016-03-08 10:10:15'),
(75, 23, '2016-03-08 10:10:15'),
(76, 4, '2016-03-10 17:11:10'),
(76, 27, '2016-03-10 17:11:10'),
(77, 0, '2016-03-10 17:40:12'),
(77, 1, '2016-03-10 17:40:12'),
(77, 2, '2016-03-10 17:40:12'),
(77, 3, '2016-03-10 17:40:12'),
(77, 4, '2016-03-10 17:40:12'),
(77, 5, '2016-03-10 17:40:12'),
(77, 6, '2016-03-10 17:40:12'),
(77, 7, '2016-03-10 17:40:12'),
(77, 8, '2016-03-10 17:40:12'),
(77, 9, '2016-03-10 17:40:12'),
(77, 10, '2016-03-10 17:40:12'),
(77, 13, '2016-03-10 17:40:12'),
(77, 15, '2016-03-10 17:40:12'),
(77, 18, '2016-03-10 17:40:12'),
(77, 31, '2016-03-10 17:40:12'),
(77, 32, '2016-03-10 17:40:12'),
(77, 34, '2016-03-10 17:40:12'),
(77, 36, '2016-03-10 17:40:12'),
(77, 38, '2016-03-10 17:40:12'),
(79, 3, '2016-03-10 17:50:48'),
(79, 4, '2016-03-10 17:50:49'),
(80, 5, '2016-03-18 12:00:07'),
(80, 7, '2016-03-18 12:00:07'),
(80, 14, '2016-03-18 12:00:07'),
(80, 19, '2016-03-18 12:00:07'),
(80, 24, '2016-03-18 12:00:07'),
(80, 22, '2016-03-18 12:00:07'),
(80, 33, '2016-03-18 12:00:07'),
(80, 37, '2016-03-18 12:00:07'),
(80, 40, '2016-03-18 12:00:07'),
(80, 41, '2016-03-18 12:00:07'),
(80, 44, '2016-03-18 12:00:07'),
(81, 0, '2016-03-29 11:23:42'),
(81, 9, '2016-03-29 11:23:42'),
(81, 15, '2016-03-29 11:23:42'),
(81, 20, '2016-03-29 11:23:42'),
(81, 26, '2016-03-29 11:23:42'),
(81, 27, '2016-03-29 11:23:42'),
(81, 30, '2016-03-29 11:23:42'),
(81, 32, '2016-03-29 11:23:42'),
(81, 43, '2016-03-29 11:23:42'),
(82, 7, '2016-03-29 13:01:49'),
(82, 13, '2016-03-29 13:01:49'),
(82, 26, '2016-03-29 13:01:49'),
(82, 28, '2016-03-29 13:01:49'),
(82, 38, '2016-03-29 13:01:49'),
(83, 1, '2016-03-30 17:56:21'),
(83, 4, '2016-03-30 17:56:21'),
(83, 8, '2016-03-30 17:56:21'),
(83, 10, '2016-03-30 17:56:21'),
(83, 11, '2016-03-30 17:56:21'),
(83, 17, '2016-03-30 17:56:21'),
(83, 18, '2016-03-30 17:56:21'),
(83, 28, '2016-03-30 17:56:21'),
(83, 40, '2016-03-30 17:56:21'),
(83, 42, '2016-03-30 17:56:21'),
(83, 43, '2016-03-30 17:56:21'),
(83, 0, '2016-03-30 17:56:26'),
(83, 1, '2016-03-30 17:56:26'),
(83, 3, '2016-03-30 17:56:26'),
(83, 4, '2016-03-30 17:56:26'),
(83, 6, '2016-03-30 17:56:26'),
(83, 7, '2016-03-30 17:56:26'),
(83, 8, '2016-03-30 17:56:26'),
(83, 10, '2016-03-30 17:56:26'),
(83, 11, '2016-03-30 17:56:26'),
(83, 13, '2016-03-30 17:56:26'),
(83, 14, '2016-03-30 17:56:26'),
(83, 15, '2016-03-30 17:56:26'),
(83, 17, '2016-03-30 17:56:26'),
(83, 18, '2016-03-30 17:56:26'),
(83, 19, '2016-03-30 17:56:26'),
(83, 23, '2016-03-30 17:56:26'),
(83, 28, '2016-03-30 17:56:26'),
(83, 31, '2016-03-30 17:56:26'),
(83, 32, '2016-03-30 17:56:26'),
(83, 34, '2016-03-30 17:56:26'),
(83, 40, '2016-03-30 17:56:26'),
(83, 41, '2016-03-30 17:56:26'),
(83, 42, '2016-03-30 17:56:26'),
(83, 44, '2016-03-30 17:56:26'),
(84, 14, '2016-04-06 02:43:59'),
(84, 17, '2016-04-06 02:43:59'),
(84, 37, '2016-04-06 02:43:59'),
(84, 38, '2016-04-06 02:43:59'),
(84, 42, '2016-04-06 02:43:59'),
(85, 3, '2016-04-08 17:31:58'),
(85, 4, '2016-04-08 17:31:58'),
(85, 6, '2016-04-08 17:31:58'),
(85, 7, '2016-04-08 17:31:58'),
(85, 8, '2016-04-08 17:31:58'),
(85, 10, '2016-04-08 17:31:58'),
(85, 11, '2016-04-08 17:31:58'),
(85, 14, '2016-04-08 17:31:58'),
(85, 19, '2016-04-08 17:31:58'),
(85, 24, '2016-04-08 17:31:58'),
(85, 26, '2016-04-08 17:31:58'),
(85, 31, '2016-04-08 17:31:58'),
(85, 33, '2016-04-08 17:31:58'),
(87, 26, '2016-04-11 01:45:03'),
(87, 40, '2016-04-11 01:45:03'),
(88, 0, '2016-04-11 02:01:43'),
(88, 1, '2016-04-11 02:01:43'),
(88, 3, '2016-04-11 02:01:43'),
(88, 4, '2016-04-11 02:01:43'),
(88, 6, '2016-04-11 02:01:43'),
(89, 1, '2016-04-11 13:56:52'),
(89, 3, '2016-04-11 13:56:52'),
(89, 4, '2016-04-11 13:56:52'),
(89, 6, '2016-04-11 13:56:52'),
(89, 15, '2016-04-11 13:56:52'),
(89, 34, '2016-04-11 13:56:52'),
(90, 0, '2016-04-13 19:52:42'),
(90, 1, '2016-04-13 19:52:42'),
(90, 3, '2016-04-13 19:52:42'),
(90, 4, '2016-04-13 19:52:42'),
(90, 8, '2016-04-13 19:52:42'),
(90, 10, '2016-04-13 19:52:42'),
(90, 13, '2016-04-13 19:52:42'),
(90, 19, '2016-04-13 19:52:42'),
(90, 20, '2016-04-13 19:52:42'),
(90, 21, '2016-04-13 19:52:42'),
(90, 31, '2016-04-13 19:52:42'),
(90, 35, '2016-04-13 19:52:42'),
(90, 39, '2016-04-13 19:52:42'),
(91, 0, '2016-04-14 12:13:27'),
(91, 1, '2016-04-14 12:13:27'),
(91, 3, '2016-04-14 12:13:27'),
(91, 6, '2016-04-14 12:13:27'),
(91, 8, '2016-04-14 12:13:27'),
(91, 10, '2016-04-14 12:13:27'),
(91, 13, '2016-04-14 12:13:27'),
(91, 19, '2016-04-14 12:13:27'),
(91, 21, '2016-04-14 12:13:27'),
(91, 31, '2016-04-14 12:13:27'),
(91, 43, '2016-04-14 12:13:27'),
(92, 2, '2016-04-14 18:30:27'),
(92, 5, '2016-04-14 18:30:27'),
(92, 7, '2016-04-14 18:30:27'),
(92, 13, '2016-04-14 18:30:27'),
(92, 17, '2016-04-14 18:30:27'),
(92, 19, '2016-04-14 18:30:27'),
(92, 20, '2016-04-14 18:30:27'),
(92, 37, '2016-04-14 18:30:27'),
(92, 38, '2016-04-14 18:30:27'),
(92, 44, '2016-04-14 18:30:27'),
(93, 4, '2016-04-19 23:09:55'),
(93, 12, '2016-04-19 23:09:55'),
(93, 43, '2016-04-19 23:09:55'),
(94, 2, '2016-04-24 14:57:35'),
(94, 35, '2016-04-24 14:57:35'),
(94, 37, '2016-04-24 14:57:35'),
(95, 0, '2016-04-26 17:33:45'),
(95, 2, '2016-04-26 17:33:45'),
(95, 4, '2016-04-26 17:33:45'),
(95, 13, '2016-04-26 17:33:45'),
(95, 24, '2016-04-26 17:33:45'),
(95, 26, '2016-04-26 17:33:45'),
(95, 27, '2016-04-26 17:33:45'),
(95, 33, '2016-04-26 17:33:45'),
(95, 38, '2016-04-26 17:33:45'),
(95, 42, '2016-04-26 17:33:45'),
(96, 19, '2016-04-28 12:40:35'),
(96, 21, '2016-04-28 12:40:35'),
(96, 22, '2016-04-28 12:40:35'),
(96, 31, '2016-04-28 12:40:35'),
(96, 35, '2016-04-28 12:40:35'),
(96, 38, '2016-04-28 12:40:35'),
(97, 13, '2016-04-28 21:43:06'),
(97, 36, '2016-04-28 21:43:06'),
(98, 0, '2016-05-04 11:48:31'),
(98, 1, '2016-05-04 11:48:31'),
(98, 2, '2016-05-04 11:48:31'),
(98, 3, '2016-05-04 11:48:31'),
(98, 4, '2016-05-04 11:48:31'),
(98, 5, '2016-05-04 11:48:31'),
(98, 6, '2016-05-04 11:48:31'),
(98, 8, '2016-05-04 11:48:31'),
(98, 13, '2016-05-04 11:48:31'),
(98, 18, '2016-05-04 11:48:31'),
(98, 25, '2016-05-04 11:48:31'),
(98, 36, '2016-05-04 11:48:31'),
(98, 37, '2016-05-04 11:48:31'),
(98, 41, '2016-05-04 11:48:31'),
(98, 42, '2016-05-04 11:48:31'),
(99, 2, '2016-05-04 15:09:49'),
(99, 13, '2016-05-04 15:09:49'),
(99, 15, '2016-05-04 15:09:49'),
(99, 31, '2016-05-04 15:09:49'),
(99, 36, '2016-05-04 15:09:49'),
(99, 38, '2016-05-04 15:09:49'),
(99, 43, '2016-05-04 15:09:49'),
(100, 28, '2016-05-04 17:46:18'),
(100, 38, '2016-05-04 17:46:18'),
(100, 40, '2016-05-04 17:46:18'),
(101, 2, '2016-05-05 12:05:01'),
(101, 3, '2016-05-05 12:05:01'),
(101, 4, '2016-05-05 12:05:01'),
(101, 7, '2016-05-05 12:05:01'),
(101, 8, '2016-05-05 12:05:01'),
(101, 10, '2016-05-05 12:05:01'),
(101, 25, '2016-05-05 12:05:01'),
(101, 31, '2016-05-05 12:05:01'),
(101, 32, '2016-05-05 12:05:01'),
(101, 36, '2016-05-05 12:05:01'),
(101, 37, '2016-05-05 12:05:01'),
(101, 38, '2016-05-05 12:05:01'),
(102, 7, '2016-05-10 16:33:04'),
(102, 14, '2016-05-10 16:33:04'),
(102, 15, '2016-05-10 16:33:04'),
(102, 21, '2016-05-10 16:33:04'),
(102, 30, '2016-05-10 16:33:04'),
(102, 31, '2016-05-10 16:33:04'),
(103, 4, '2016-05-16 17:25:06'),
(103, 7, '2016-05-16 17:25:06'),
(103, 13, '2016-05-16 17:25:06'),
(103, 26, '2016-05-16 17:25:06'),
(103, 28, '2016-05-16 17:25:06'),
(103, 36, '2016-05-16 17:25:06'),
(103, 38, '2016-05-16 17:25:06'),
(104, 0, '2016-05-17 10:53:19'),
(104, 1, '2016-05-17 10:53:19'),
(104, 3, '2016-05-17 10:53:19'),
(104, 5, '2016-05-17 10:53:19'),
(104, 7, '2016-05-17 10:53:19'),
(104, 8, '2016-05-17 10:53:19'),
(104, 9, '2016-05-17 10:53:19'),
(104, 10, '2016-05-17 10:53:19'),
(104, 11, '2016-05-17 10:53:19'),
(104, 12, '2016-05-17 10:53:19'),
(104, 14, '2016-05-17 10:53:19'),
(104, 16, '2016-05-17 10:53:19'),
(104, 18, '2016-05-17 10:53:19'),
(104, 20, '2016-05-17 10:53:19'),
(104, 21, '2016-05-17 10:53:19'),
(104, 24, '2016-05-17 10:53:19'),
(104, 26, '2016-05-17 10:53:19'),
(104, 27, '2016-05-17 10:53:19'),
(104, 28, '2016-05-17 10:53:19'),
(104, 29, '2016-05-17 10:53:19'),
(104, 30, '2016-05-17 10:53:19'),
(104, 34, '2016-05-17 10:53:19'),
(104, 35, '2016-05-17 10:53:19'),
(104, 36, '2016-05-17 10:53:19'),
(104, 43, '2016-05-17 10:53:19'),
(105, 2, '2016-05-17 14:19:21'),
(105, 3, '2016-05-17 14:19:21'),
(105, 8, '2016-05-17 14:19:21'),
(105, 10, '2016-05-17 14:19:21'),
(105, 12, '2016-05-17 14:19:21'),
(105, 13, '2016-05-17 14:19:21'),
(105, 14, '2016-05-17 14:19:21'),
(105, 15, '2016-05-17 14:19:21'),
(105, 17, '2016-05-17 14:19:21'),
(105, 18, '2016-05-17 14:19:21'),
(105, 21, '2016-05-17 14:19:21'),
(105, 25, '2016-05-17 14:19:21'),
(105, 28, '2016-05-17 14:19:21'),
(105, 30, '2016-05-17 14:19:21'),
(105, 33, '2016-05-17 14:19:21'),
(105, 36, '2016-05-17 14:19:21'),
(105, 37, '2016-05-17 14:19:21'),
(105, 38, '2016-05-17 14:19:21'),
(105, 40, '2016-05-17 14:19:21'),
(105, 41, '2016-05-17 14:19:21'),
(105, 43, '2016-05-17 14:19:21'),
(106, 0, '2016-05-18 20:07:20'),
(111, 3, '2016-05-19 10:31:07'),
(111, 4, '2016-05-19 10:31:07'),
(111, 6, '2016-05-19 10:31:07'),
(111, 8, '2016-05-19 10:31:07'),
(111, 10, '2016-05-19 10:31:07'),
(111, 11, '2016-05-19 10:31:07'),
(111, 21, '2016-05-19 10:31:07'),
(111, 30, '2016-05-19 10:31:07'),
(111, 40, '2016-05-19 10:31:07'),
(111, 41, '2016-05-19 10:31:07'),
(112, 0, '2016-05-19 10:31:56'),
(112, 1, '2016-05-19 10:31:56'),
(112, 2, '2016-05-19 10:31:56'),
(112, 4, '2016-05-19 10:31:56'),
(112, 6, '2016-05-19 10:31:56'),
(112, 7, '2016-05-19 10:31:56'),
(112, 14, '2016-05-19 10:31:56'),
(112, 15, '2016-05-19 10:31:56'),
(112, 17, '2016-05-19 10:31:56'),
(112, 18, '2016-05-19 10:31:56'),
(112, 25, '2016-05-19 10:31:56'),
(112, 26, '2016-05-19 10:31:56'),
(112, 28, '2016-05-19 10:31:56'),
(113, 9, '2016-05-19 10:31:36'),
(114, 0, '2016-05-19 10:34:25'),
(114, 2, '2016-05-19 10:34:25'),
(114, 7, '2016-05-19 10:34:25'),
(114, 20, '2016-05-19 10:34:25'),
(114, 28, '2016-05-19 10:34:25'),
(114, 31, '2016-05-19 10:34:25'),
(114, 32, '2016-05-19 10:34:25'),
(114, 35, '2016-05-19 10:34:25'),
(115, 6, '2016-05-19 10:51:24'),
(115, 8, '2016-05-19 10:51:24'),
(115, 15, '2016-05-19 10:51:24'),
(115, 31, '2016-05-19 10:51:24'),
(115, 34, '2016-05-19 10:51:24'),
(115, 35, '2016-05-19 10:51:24'),
(116, 28, '2016-05-19 11:28:08'),
(116, 30, '2016-05-19 11:28:08'),
(116, 31, '2016-05-19 11:28:08'),
(118, 18, '2016-05-20 22:40:50'),
(119, 10, '2016-05-25 12:21:53'),
(119, 14, '2016-05-25 12:21:53'),
(119, 16, '2016-05-25 12:21:53'),
(119, 19, '2016-05-25 12:21:53'),
(119, 21, '2016-05-25 12:21:53'),
(119, 29, '2016-05-25 12:21:53'),
(119, 31, '2016-05-25 12:21:53'),
(119, 33, '2016-05-25 12:21:53'),
(119, 36, '2016-05-25 12:21:53'),
(121, 1, '2016-05-31 10:53:22'),
(121, 2, '2016-05-31 10:53:22'),
(121, 3, '2016-05-31 10:53:22'),
(121, 4, '2016-05-31 10:53:22'),
(121, 10, '2016-05-31 10:53:22'),
(121, 12, '2016-05-31 10:53:22'),
(121, 15, '2016-05-31 10:53:22'),
(121, 17, '2016-05-31 10:53:22'),
(121, 18, '2016-05-31 10:53:22'),
(121, 43, '2016-05-31 10:53:22'),
(121, 44, '2016-05-31 10:53:22'),
(122, 6, '2016-05-31 11:13:32'),
(122, 10, '2016-05-31 11:13:32'),
(122, 38, '2016-05-31 11:13:32'),
(122, 40, '2016-05-31 11:13:32'),
(122, 42, '2016-05-31 11:13:32'),
(123, 1, '2016-05-31 12:30:29'),
(123, 3, '2016-05-31 12:30:29'),
(123, 12, '2016-05-31 12:30:29'),
(123, 14, '2016-05-31 12:30:29'),
(123, 16, '2016-05-31 12:30:29'),
(123, 27, '2016-05-31 12:30:29'),
(123, 29, '2016-05-31 12:30:29'),
(123, 30, '2016-05-31 12:30:29'),
(124, 1, '2016-06-02 14:00:44'),
(124, 6, '2016-06-02 14:00:44'),
(124, 13, '2016-06-02 14:00:44'),
(124, 28, '2016-06-02 14:00:44'),
(124, 35, '2016-06-02 14:00:44'),
(124, 39, '2016-06-02 14:00:44'),
(124, 42, '2016-06-02 14:00:44'),
(125, 1, '2016-06-02 23:48:34'),
(125, 8, '2016-06-02 23:48:34'),
(127, 11, '2016-06-03 15:18:09'),
(128, 16, '2016-06-03 15:20:21'),
(129, 0, '2016-06-03 15:18:47'),
(129, 1, '2016-06-03 15:18:47'),
(129, 3, '2016-06-03 15:18:47'),
(129, 10, '2016-06-03 15:18:47'),
(129, 31, '2016-06-03 15:18:47'),
(131, 19, '2016-06-03 23:15:50'),
(132, 0, '2016-06-04 11:46:14'),
(132, 10, '2016-06-04 11:46:14'),
(132, 24, '2016-06-04 11:46:14'),
(134, 0, '2016-06-04 20:26:32'),
(134, 4, '2016-06-04 20:26:32'),
(134, 9, '2016-06-04 20:26:32'),
(134, 15, '2016-06-04 20:26:32'),
(134, 34, '2016-06-04 20:26:32'),
(135, 0, '2016-06-04 21:37:33'),
(135, 2, '2016-06-04 21:37:33'),
(135, 5, '2016-06-04 21:37:33'),
(135, 6, '2016-06-04 21:37:33'),
(135, 7, '2016-06-04 21:37:33'),
(135, 9, '2016-06-04 21:37:33'),
(135, 26, '2016-06-04 21:37:33'),
(135, 33, '2016-06-04 21:37:33'),
(136, 13, '2016-06-06 11:43:53'),
(137, 0, '2016-06-06 11:34:17'),
(137, 20, '2016-06-06 11:34:17'),
(137, 36, '2016-06-06 11:34:17'),
(138, 18, '2016-06-07 10:06:40'),
(138, 28, '2016-06-07 10:06:40'),
(138, 29, '2016-06-07 10:06:40'),
(139, 21, '2016-06-07 13:04:38'),
(140, 19, '2016-06-08 13:12:38'),
(140, 23, '2016-06-08 13:12:38'),
(140, 28, '2016-06-08 13:12:38'),
(140, 38, '2016-06-08 13:12:38'),
(141, 30, '2016-06-08 14:06:35'),
(141, 31, '2016-06-08 14:06:35'),
(141, 33, '2016-06-08 14:06:35'),
(141, 38, '2016-06-08 14:06:35'),
(141, 43, '2016-06-08 14:06:35'),
(142, 2, '2016-06-08 14:16:45'),
(142, 20, '2016-06-08 14:16:45'),
(142, 25, '2016-06-08 14:16:45'),
(142, 26, '2016-06-08 14:16:45'),
(142, 27, '2016-06-08 14:16:45'),
(142, 30, '2016-06-08 14:16:45'),
(142, 31, '2016-06-08 14:16:45'),
(142, 32, '2016-06-08 14:16:45'),
(142, 33, '2016-06-08 14:16:45'),
(142, 38, '2016-06-08 14:16:45'),
(142, 40, '2016-06-08 14:16:45'),
(142, 42, '2016-06-08 14:16:45'),
(142, 43, '2016-06-08 14:16:45'),
(142, 44, '2016-06-08 14:16:45'),
(143, 1, '2016-06-08 14:32:56'),
(143, 3, '2016-06-08 14:32:56'),
(143, 6, '2016-06-08 14:32:56'),
(143, 9, '2016-06-08 14:32:56'),
(143, 10, '2016-06-08 14:32:56'),
(143, 32, '2016-06-08 14:32:56'),
(143, 34, '2016-06-08 14:32:56'),
(144, 14, '2016-06-09 12:30:48'),
(144, 23, '2016-06-09 12:30:48'),
(144, 28, '2016-06-09 12:30:48'),
(145, 9, '2016-06-13 12:02:34'),
(145, 13, '2016-06-13 12:02:34'),
(145, 14, '2016-06-13 12:02:34'),
(145, 15, '2016-06-13 12:02:34'),
(145, 17, '2016-06-13 12:02:34'),
(145, 19, '2016-06-13 12:02:34'),
(145, 20, '2016-06-13 12:02:34'),
(145, 23, '2016-06-13 12:02:34'),
(145, 24, '2016-06-13 12:02:34'),
(145, 25, '2016-06-13 12:02:34'),
(145, 28, '2016-06-13 12:02:34'),
(145, 30, '2016-06-13 12:02:34'),
(145, 31, '2016-06-13 12:02:34'),
(145, 33, '2016-06-13 12:02:34'),
(145, 36, '2016-06-13 12:02:34'),
(145, 38, '2016-06-13 12:02:34'),
(145, 40, '2016-06-13 12:02:34'),
(145, 42, '2016-06-13 12:02:34'),
(145, 43, '2016-06-13 12:02:34'),
(145, 44, '2016-06-13 12:02:34'),
(146, 7, '2016-06-13 13:30:54'),
(146, 33, '2016-06-13 13:30:54'),
(148, 5, '2016-06-14 10:43:14'),
(148, 19, '2016-06-14 10:43:14'),
(148, 23, '2016-06-14 10:43:14'),
(148, 27, '2016-06-14 10:43:14'),
(149, 0, '2016-06-14 11:54:13'),
(149, 1, '2016-06-14 11:54:13'),
(149, 2, '2016-06-14 11:54:13'),
(149, 3, '2016-06-14 11:54:13'),
(149, 5, '2016-06-14 11:54:13'),
(149, 9, '2016-06-14 11:54:13'),
(149, 10, '2016-06-14 11:54:13'),
(149, 13, '2016-06-14 11:54:13'),
(149, 18, '2016-06-14 11:54:13'),
(149, 25, '2016-06-14 11:54:13'),
(149, 26, '2016-06-14 11:54:13'),
(149, 28, '2016-06-14 11:54:13'),
(149, 31, '2016-06-14 11:54:13'),
(149, 32, '2016-06-14 11:54:13'),
(149, 33, '2016-06-14 11:54:13'),
(149, 35, '2016-06-14 11:54:13'),
(149, 36, '2016-06-14 11:54:13'),
(149, 37, '2016-06-14 11:54:13'),
(149, 39, '2016-06-14 11:54:13'),
(149, 42, '2016-06-14 11:54:13'),
(149, 43, '2016-06-14 11:54:13'),
(149, 44, '2016-06-14 11:54:13'),
(150, 0, '2016-06-21 10:25:09'),
(150, 4, '2016-06-21 10:25:09'),
(150, 25, '2016-06-21 10:25:09'),
(150, 27, '2016-06-21 10:25:09'),
(150, 40, '2016-06-21 10:25:09'),
(150, 44, '2016-06-21 10:25:09'),
(151, 2, '2016-06-21 14:23:14'),
(151, 3, '2016-06-21 14:23:14'),
(151, 4, '2016-06-21 14:23:14'),
(151, 6, '2016-06-21 14:23:14'),
(151, 7, '2016-06-21 14:23:14'),
(151, 10, '2016-06-21 14:23:14'),
(151, 14, '2016-06-21 14:23:14'),
(151, 19, '2016-06-21 14:23:14'),
(151, 24, '2016-06-21 14:23:14'),
(151, 30, '2016-06-21 14:23:14'),
(152, 2, '2016-06-21 14:41:15'),
(152, 4, '2016-06-21 14:41:15'),
(152, 7, '2016-06-21 14:41:15'),
(152, 8, '2016-06-21 14:41:15'),
(152, 9, '2016-06-21 14:41:15'),
(152, 13, '2016-06-21 14:41:15'),
(152, 20, '2016-06-21 14:41:15'),
(152, 27, '2016-06-21 14:41:15'),
(152, 29, '2016-06-21 14:41:15'),
(152, 31, '2016-06-21 14:41:15'),
(152, 33, '2016-06-21 14:41:15'),
(153, 1, '2016-06-21 18:16:05'),
(153, 2, '2016-06-21 18:16:05'),
(153, 4, '2016-06-21 18:16:05'),
(153, 5, '2016-06-21 18:16:05'),
(153, 6, '2016-06-21 18:16:05'),
(153, 7, '2016-06-21 18:16:05'),
(153, 10, '2016-06-21 18:16:05'),
(153, 12, '2016-06-21 18:16:05'),
(153, 18, '2016-06-21 18:16:05'),
(153, 19, '2016-06-21 18:16:05'),
(153, 23, '2016-06-21 18:16:05'),
(153, 28, '2016-06-21 18:16:05'),
(153, 30, '2016-06-21 18:56:53'),
(153, 31, '2016-06-21 18:16:05'),
(153, 38, '2016-06-21 18:16:05'),
(154, 7, '2016-06-22 09:43:21'),
(155, 2, '2016-06-22 09:59:39'),
(155, 3, '2016-06-22 09:59:39'),
(155, 6, '2016-06-22 09:59:39'),
(155, 7, '2016-06-22 09:59:39'),
(155, 8, '2016-06-22 09:59:39'),
(155, 12, '2016-06-22 09:59:39'),
(155, 16, '2016-06-22 09:59:39'),
(155, 17, '2016-06-22 09:59:39'),
(155, 19, '2016-06-22 09:59:39'),
(155, 24, '2016-06-22 09:59:39'),
(155, 25, '2016-06-22 09:59:39'),
(155, 33, '2016-06-22 09:59:39'),
(155, 40, '2016-06-22 09:59:39'),
(155, 41, '2016-06-22 09:59:39'),
(156, 1, '2016-06-22 10:32:14'),
(156, 3, '2016-06-22 10:32:14'),
(157, 3, '2016-06-23 10:07:06'),
(157, 4, '2016-06-23 10:07:06'),
(157, 7, '2016-06-23 10:07:06'),
(157, 8, '2016-06-23 10:07:06'),
(157, 10, '2016-06-23 10:07:06'),
(157, 24, '2016-06-23 10:07:06'),
(157, 26, '2016-06-23 10:07:06'),
(157, 29, '2016-06-23 10:07:06'),
(157, 30, '2016-06-23 10:07:06'),
(157, 31, '2016-06-23 10:07:06'),
(157, 33, '2016-06-23 10:07:06'),
(158, 2, '2016-06-23 11:16:58'),
(158, 3, '2016-06-23 11:16:58'),
(158, 6, '2016-06-23 11:16:58'),
(158, 12, '2016-06-23 11:16:58'),
(158, 14, '2016-06-23 11:16:58'),
(158, 19, '2016-06-23 11:16:58'),
(158, 24, '2016-06-23 11:16:58'),
(158, 30, '2016-06-23 11:16:58'),
(158, 33, '2016-06-23 11:16:58'),
(159, 0, '2016-06-24 10:33:48'),
(159, 5, '2016-06-24 10:33:48'),
(159, 7, '2016-06-24 10:33:48'),
(159, 8, '2016-06-24 10:33:48'),
(159, 13, '2016-06-24 10:33:48'),
(159, 14, '2016-06-24 10:33:48'),
(159, 15, '2016-06-24 10:33:48'),
(159, 16, '2016-06-24 10:33:48'),
(159, 17, '2016-06-24 10:33:48'),
(159, 19, '2016-06-24 10:33:48'),
(159, 20, '2016-06-24 10:33:48'),
(159, 21, '2016-06-24 10:33:48'),
(159, 23, '2016-06-24 10:33:48'),
(159, 24, '2016-06-24 10:33:48'),
(159, 29, '2016-06-24 10:33:48'),
(159, 30, '2016-06-24 10:33:48'),
(159, 35, '2016-06-24 10:33:48'),
(159, 36, '2016-06-24 10:33:48'),
(159, 37, '2016-06-24 10:33:48'),
(159, 42, '2016-06-24 10:33:48'),
(160, 6, '2016-06-24 13:00:27'),
(161, 3, '2016-06-24 13:10:08'),
(161, 4, '2016-06-24 13:10:08'),
(161, 9, '2016-06-24 13:10:08'),
(161, 27, '2016-06-24 13:10:08'),
(162, 8, '2016-06-27 09:34:32'),
(162, 10, '2016-06-27 09:34:32'),
(162, 16, '2016-06-27 11:03:45'),
(162, 17, '2016-06-27 09:34:32'),
(162, 21, '2016-06-27 09:34:32'),
(162, 23, '2016-06-27 09:34:32'),
(162, 28, '2016-06-27 09:34:32'),
(162, 31, '2016-06-27 09:34:32'),
(162, 37, '2016-06-27 11:03:45'),
(162, 42, '2016-06-27 09:34:32'),
(163, 5, '2016-07-01 17:52:54'),
(163, 8, '2016-07-01 17:52:54'),
(163, 38, '2016-07-01 17:52:54'),
(163, 43, '2016-07-01 17:52:54'),
(164, 6, '2016-07-03 14:18:20'),
(165, 2, '2016-07-03 14:47:46'),
(165, 4, '2016-07-03 14:47:46'),
(165, 6, '2016-07-03 14:47:46'),
(165, 10, '2016-07-03 14:47:46'),
(165, 17, '2016-07-03 14:47:46'),
(165, 21, '2016-07-03 14:47:46'),
(165, 28, '2016-07-03 14:47:46'),
(165, 33, '2016-07-03 14:47:46'),
(165, 34, '2016-07-03 14:47:46'),
(165, 37, '2016-07-03 14:47:46'),
(165, 40, '2016-07-03 14:47:46'),
(166, 2, '2016-07-03 14:57:24'),
(166, 3, '2016-07-03 14:57:24'),
(166, 4, '2016-07-03 14:57:24'),
(166, 6, '2016-07-03 14:57:24'),
(166, 7, '2016-07-03 14:57:24'),
(166, 10, '2016-07-03 14:57:24'),
(166, 18, '2016-07-03 14:57:24'),
(166, 26, '2016-07-03 14:57:24'),
(166, 33, '2016-07-03 14:57:24'),
(166, 38, '2016-07-03 14:57:24'),
(166, 43, '2016-07-03 14:57:24'),
(167, 0, '2016-07-03 19:10:28'),
(167, 1, '2016-07-03 19:10:28'),
(167, 2, '2016-07-03 19:10:28'),
(167, 3, '2016-07-03 19:10:28'),
(167, 4, '2016-07-03 19:10:28'),
(167, 5, '2016-07-03 19:10:28'),
(167, 6, '2016-07-03 19:10:28'),
(167, 7, '2016-07-03 19:10:28'),
(167, 8, '2016-07-03 19:10:28'),
(167, 9, '2016-07-03 19:10:28'),
(167, 10, '2016-07-03 19:10:28'),
(167, 11, '2016-07-03 19:10:28'),
(167, 13, '2016-07-03 19:10:28'),
(167, 14, '2016-07-03 19:10:28'),
(167, 15, '2016-07-03 19:10:28'),
(167, 16, '2016-07-03 19:10:28'),
(167, 17, '2016-07-03 19:10:28'),
(167, 18, '2016-07-03 19:10:28'),
(167, 19, '2016-07-03 19:10:28'),
(167, 21, '2016-07-03 19:10:28'),
(167, 23, '2016-07-03 19:10:28'),
(167, 25, '2016-07-03 19:10:28'),
(167, 26, '2016-07-03 19:10:28'),
(167, 28, '2016-07-03 19:10:28'),
(167, 33, '2016-07-03 19:10:28'),
(167, 35, '2016-07-03 19:10:28'),
(167, 37, '2016-07-03 19:10:28'),
(167, 39, '2016-07-03 19:10:28'),
(168, 2, '2016-07-03 19:43:08'),
(168, 6, '2016-07-03 19:43:08'),
(168, 7, '2016-07-03 19:43:08'),
(168, 13, '2016-07-03 19:43:08'),
(168, 18, '2016-07-03 19:43:08'),
(168, 26, '2016-07-03 19:43:08'),
(168, 28, '2016-07-03 19:43:08'),
(168, 29, '2016-07-03 19:43:08'),
(168, 33, '2016-07-03 19:43:08'),
(168, 36, '2016-07-03 19:43:08'),
(168, 38, '2016-07-03 19:43:08'),
(170, 4, '2016-07-04 01:49:06'),
(170, 6, '2016-07-04 01:49:06'),
(170, 16, '2016-07-04 01:49:06'),
(170, 18, '2016-07-04 01:49:06'),
(170, 26, '2016-07-04 01:49:06'),
(170, 42, '2016-07-04 01:49:06'),
(171, 0, '2016-07-06 16:51:07'),
(171, 1, '2016-07-06 16:51:07'),
(171, 3, '2016-07-06 16:51:07'),
(171, 18, '2016-07-06 16:51:07'),
(171, 20, '2016-07-06 16:51:07'),
(171, 26, '2016-07-06 16:51:07'),
(171, 28, '2016-07-06 16:51:07'),
(171, 36, '2016-07-06 16:51:07'),
(172, 6, '2016-07-06 17:37:00'),
(172, 7, '2016-07-06 17:37:00'),
(172, 8, '2016-07-06 17:37:00'),
(172, 13, '2016-07-06 17:37:00'),
(172, 18, '2016-07-06 17:37:00'),
(172, 37, '2016-07-06 17:37:00'),
(172, 38, '2016-07-06 17:37:00'),
(172, 39, '2016-07-06 17:37:00'),
(172, 41, '2016-07-06 17:37:00'),
(172, 42, '2016-07-06 17:37:00'),
(173, 6, '2016-07-07 17:19:41'),
(173, 7, '2016-07-07 17:19:41'),
(173, 8, '2016-07-07 17:19:41'),
(173, 18, '2016-07-07 17:19:41'),
(173, 38, '2016-07-07 17:19:41'),
(174, 0, '2016-07-10 19:42:46'),
(174, 1, '2016-07-10 19:42:46'),
(174, 2, '2016-07-10 19:42:46'),
(174, 4, '2016-07-10 19:42:46'),
(174, 5, '2016-07-10 19:42:46'),
(174, 6, '2016-07-10 19:42:46'),
(174, 8, '2016-07-10 19:42:46'),
(174, 11, '2016-07-10 19:42:46'),
(174, 13, '2016-07-10 19:42:46'),
(174, 14, '2016-07-10 19:42:46'),
(174, 16, '2016-07-10 19:42:46'),
(174, 17, '2016-07-10 19:42:46'),
(174, 18, '2016-07-10 19:42:46'),
(174, 20, '2016-07-10 19:42:46'),
(174, 21, '2016-07-10 19:42:46'),
(174, 23, '2016-07-10 19:42:46'),
(174, 28, '2016-07-10 19:42:46'),
(174, 30, '2016-07-10 19:42:46'),
(174, 33, '2016-07-10 19:42:46'),
(174, 35, '2016-07-10 19:42:46'),
(174, 38, '2016-07-10 19:42:46'),
(174, 39, '2016-07-10 19:42:46'),
(174, 40, '2016-07-10 19:42:46'),
(174, 41, '2016-07-10 19:42:46'),
(174, 43, '2016-07-10 19:42:46'),
(174, 44, '2016-07-10 19:42:46'),
(175, 1, '2016-07-12 13:34:46'),
(178, 2, '2016-07-22 00:29:44'),
(178, 7, '2016-07-22 00:29:44'),
(178, 13, '2016-07-22 00:29:44'),
(178, 24, '2016-07-22 00:29:44'),
(178, 31, '2016-07-22 00:29:44'),
(178, 35, '2016-07-22 00:29:44'),
(178, 37, '2016-07-22 00:29:44'),
(180, 2, '2016-07-31 23:38:59'),
(180, 3, '2016-07-31 23:38:59'),
(180, 4, '2016-07-31 23:38:59'),
(180, 6, '2016-07-31 23:38:59'),
(180, 7, '2016-07-31 23:38:59'),
(180, 8, '2016-07-31 23:38:59'),
(180, 10, '2016-07-31 23:38:59'),
(180, 29, '2016-07-31 23:38:59'),
(180, 30, '2016-07-31 23:38:59'),
(180, 31, '2016-07-31 23:38:59'),
(180, 33, '2016-07-31 23:38:59'),
(181, 2, '2016-08-12 13:56:59'),
(181, 3, '2016-08-12 13:56:59'),
(181, 4, '2016-08-12 13:56:59'),
(181, 6, '2016-08-12 13:56:59'),
(181, 7, '2016-08-12 13:56:59'),
(181, 8, '2016-08-12 13:56:59'),
(181, 16, '2016-08-12 13:56:59'),
(181, 23, '2016-08-12 13:56:59'),
(181, 36, '2016-08-12 13:56:59'),
(181, 38, '2016-08-12 13:56:59'),
(182, 4, '2016-08-14 10:39:21'),
(183, 2, '2016-08-20 18:26:47'),
(185, 3, '2016-09-08 15:26:58'),
(185, 4, '2016-09-08 15:26:58'),
(185, 6, '2016-09-08 15:26:58'),
(185, 8, '2016-09-08 15:26:58'),
(185, 18, '2016-09-08 15:26:58'),
(185, 24, '2016-09-08 15:26:58'),
(185, 29, '2016-09-08 15:26:58'),
(185, 37, '2016-09-08 15:26:58'),
(185, 39, '2016-09-08 15:26:58'),
(185, 42, '2016-09-08 15:26:58'),
(187, 1, '2016-09-19 16:45:53'),
(187, 2, '2016-09-19 16:45:53'),
(187, 3, '2016-09-19 16:45:53'),
(187, 4, '2016-09-19 16:45:53'),
(187, 5, '2016-09-19 16:45:53'),
(187, 6, '2016-09-19 16:45:53'),
(187, 7, '2016-09-19 16:45:53'),
(187, 8, '2016-09-19 16:45:53'),
(187, 9, '2016-09-19 16:45:53'),
(187, 13, '2016-09-19 16:45:53'),
(187, 18, '2016-09-19 16:45:53'),
(187, 20, '2016-09-19 16:45:53'),
(187, 25, '2016-09-19 16:45:53'),
(187, 36, '2016-09-19 16:45:53'),
(187, 37, '2016-09-19 16:45:53'),
(187, 38, '2016-09-19 16:45:53'),
(187, 39, '2016-09-19 16:45:53'),
(187, 41, '2016-09-19 16:45:53'),
(187, 42, '2016-09-19 16:45:53'),
(187, 44, '2016-09-19 16:45:53'),
(188, 8, '2016-09-19 16:57:43'),
(188, 10, '2016-09-19 16:57:43'),
(188, 38, '2016-09-19 16:57:43'),
(189, 2, '2016-09-24 04:14:57'),
(189, 3, '2016-09-24 04:14:57'),
(189, 4, '2016-09-24 04:14:57'),
(189, 6, '2016-09-24 04:14:57'),
(189, 7, '2016-09-24 04:14:57'),
(189, 8, '2017-09-24 04:14:57'),
(190, 1, '2016-09-28 14:01:15'),
(190, 5, '2016-09-28 14:01:15'),
(190, 9, '2016-09-28 14:01:15'),
(190, 11, '2016-09-28 14:01:15'),
(190, 13, '2016-09-28 14:01:15'),
(190, 19, '2016-09-28 14:01:15'),
(190, 38, '2016-09-28 14:01:15'),
(190, 44, '2016-09-28 14:01:15'),
(191, 0, '2016-09-28 14:03:47'),
(191, 2, '2016-09-28 14:03:47'),
(191, 3, '2016-09-28 14:03:47'),
(191, 4, '2016-09-28 14:03:47'),
(191, 7, '2016-09-28 14:03:47'),
(191, 10, '2016-09-28 14:03:47'),
(191, 12, '2016-09-28 14:03:47'),
(191, 13, '2016-09-28 14:03:47'),
(191, 16, '2016-09-28 14:03:47'),
(191, 17, '2016-09-28 14:03:47'),
(191, 18, '2016-09-28 14:03:47'),
(191, 20, '2016-09-28 14:03:47'),
(191, 21, '2016-09-28 14:03:47'),
(191, 22, '2016-09-28 14:03:47'),
(191, 23, '2016-09-28 14:03:47'),
(191, 24, '2016-09-28 14:03:47'),
(191, 27, '2016-09-28 14:03:47'),
(191, 31, '2016-09-28 14:03:47'),
(191, 41, '2016-09-28 14:03:47'),
(191, 42, '2016-09-28 14:03:47'),
(192, 1, '2016-09-28 16:14:44'),
(192, 4, '2016-09-28 16:14:44'),
(192, 12, '2016-09-28 16:14:44'),
(192, 18, '2016-09-28 16:14:44'),
(192, 23, '2016-09-28 16:14:44'),
(193, 11, '2016-09-29 12:09:59'),
(193, 12, '2016-09-29 12:09:59'),
(193, 14, '2016-09-29 12:09:59'),
(193, 15, '2016-09-29 12:09:59'),
(193, 16, '2016-09-29 12:09:59'),
(193, 21, '2016-09-29 12:09:59'),
(193, 25, '2016-09-29 12:09:59'),
(193, 26, '2016-09-29 12:09:59'),
(193, 29, '2016-09-29 12:09:59'),
(193, 30, '2016-09-29 12:09:59'),
(193, 32, '2016-09-29 12:09:59'),
(193, 35, '2016-09-29 12:09:59'),
(193, 40, '2016-09-29 12:09:59'),
(194, 2, '2016-10-06 23:26:46'),
(195, 6, '2016-10-07 08:08:15'),
(195, 10, '2016-10-07 08:08:15'),
(195, 11, '2016-10-07 08:08:15'),
(195, 13, '2016-10-07 08:08:15'),
(195, 14, '2016-10-07 08:08:15'),
(195, 15, '2016-10-07 08:08:15'),
(195, 16, '2016-10-07 08:08:15'),
(195, 18, '2016-10-07 08:08:15'),
(195, 21, '2016-10-07 08:08:15'),
(195, 23, '2016-10-07 08:08:15'),
(195, 24, '2016-10-07 08:08:15'),
(195, 28, '2016-10-07 08:08:15'),
(195, 29, '2016-10-07 08:08:15'),
(195, 30, '2016-10-07 08:08:15'),
(195, 43, '2016-10-07 08:08:15'),
(196, 3, '2016-10-09 16:24:49'),
(196, 8, '2016-10-09 16:24:49'),
(196, 14, '2016-10-09 16:24:49'),
(196, 17, '2016-10-09 16:24:49'),
(196, 21, '2016-10-09 16:24:49'),
(196, 23, '2016-10-09 16:24:49'),
(196, 24, '2016-10-09 16:24:49'),
(196, 31, '2016-10-09 16:24:49'),
(196, 40, '2016-10-09 16:24:49'),
(197, 3, '2016-10-09 16:30:10'),
(197, 6, '2016-10-09 16:30:10'),
(197, 8, '2016-10-09 16:30:10'),
(197, 13, '2016-10-09 16:30:10'),
(197, 14, '2016-10-09 16:30:10'),
(197, 19, '2016-10-09 16:30:10'),
(197, 21, '2016-10-09 16:30:10'),
(197, 23, '2016-10-09 16:30:10'),
(197, 24, '2016-10-09 16:30:10'),
(197, 31, '2016-10-09 16:30:10'),
(197, 38, '2016-10-09 16:30:10'),
(197, 40, '2016-10-09 16:30:10'),
(198, 22, '2016-10-09 17:54:32'),
(198, 27, '2016-10-09 17:54:32'),
(198, 34, '2016-10-09 17:54:32'),
(199, 0, '2016-10-11 10:28:13'),
(199, 1, '2016-10-11 10:28:13'),
(199, 2, '2016-10-11 10:28:13'),
(199, 3, '2016-10-11 10:28:13'),
(199, 4, '2016-10-11 10:28:13'),
(199, 5, '2016-10-11 10:28:13'),
(199, 6, '2016-10-11 10:28:13'),
(199, 7, '2016-10-11 10:28:13'),
(199, 8, '2016-10-11 10:28:13'),
(199, 9, '2016-10-11 10:28:13'),
(199, 10, '2016-10-11 10:28:13'),
(199, 11, '2016-10-11 10:28:13'),
(199, 12, '2016-10-11 10:28:13'),
(199, 14, '2016-10-11 10:28:13'),
(199, 18, '2016-10-11 10:28:13'),
(199, 23, '2016-10-11 10:28:13'),
(199, 25, '2016-10-11 10:28:13'),
(199, 28, '2016-10-11 10:28:13'),
(200, 14, '2016-10-13 21:57:16'),
(200, 17, '2016-10-13 21:57:16'),
(200, 20, '2016-10-13 21:57:16'),
(200, 28, '2016-10-13 21:57:16'),
(200, 33, '2016-10-13 21:57:16'),
(200, 38, '2016-10-13 21:57:16'),
(200, 40, '2016-10-13 21:57:16'),
(200, 44, '2016-10-13 21:57:16'),
(201, 15, '2016-10-14 10:45:05'),
(201, 30, '2016-10-14 10:45:05'),
(201, 35, '2016-10-14 10:45:05'),
(201, 9, '2016-10-14 12:42:29'),
(201, 40, '2016-10-14 12:42:29'),
(201, 44, '2016-10-14 12:42:29'),
(202, 26, '2016-10-15 12:32:43'),
(203, 28, '2016-10-16 17:15:41'),
(203, 30, '2016-10-16 17:15:41'),
(203, 32, '2016-10-16 17:15:41'),
(203, 36, '2016-10-16 17:15:41'),
(204, 0, '2016-10-17 14:41:57'),
(205, 3, '2016-10-18 23:57:49'),
(205, 4, '2016-10-18 23:57:49'),
(205, 6, '2016-10-18 23:57:49'),
(205, 10, '2016-10-18 23:57:49'),
(205, 11, '2016-10-18 23:57:49'),
(205, 14, '2016-10-18 23:57:49'),
(205, 16, '2016-10-18 23:57:49'),
(205, 21, '2016-10-18 23:57:49'),
(205, 25, '2016-10-18 23:57:49'),
(205, 26, '2016-10-18 23:57:49'),
(205, 32, '2016-10-18 23:57:49'),
(205, 41, '2016-10-18 23:57:49'),
(206, 1, '2016-10-20 03:07:02'),
(206, 6, '2016-10-20 03:07:02'),
(206, 10, '2016-10-20 03:07:02'),
(206, 27, '2016-10-20 03:07:02'),
(206, 29, '2016-10-20 03:07:02'),
(207, 3, '2016-10-19 03:41:10'),
(207, 12, '2016-10-19 03:41:10'),
(207, 14, '2016-10-19 03:41:10'),
(207, 26, '2016-10-19 03:41:10'),
(208, 0, '2016-10-21 14:41:14'),
(208, 1, '2016-10-21 14:41:14'),
(208, 2, '2016-10-21 14:41:14'),
(208, 3, '2016-10-21 14:41:14'),
(208, 4, '2016-10-21 14:41:14'),
(208, 5, '2016-10-21 14:41:14'),
(208, 6, '2016-10-21 14:41:14'),
(208, 7, '2016-10-21 14:41:14'),
(208, 8, '2016-10-21 14:41:14'),
(208, 9, '2016-10-21 14:41:14'),
(208, 12, '2016-10-21 14:41:14'),
(208, 16, '2016-10-21 14:41:14'),
(209, 2, '2016-10-21 23:23:18'),
(209, 4, '2016-10-21 23:23:18'),
(209, 7, '2016-10-21 23:23:18'),
(209, 13, '2016-10-21 23:23:18'),
(209, 38, '2016-10-21 23:23:18'),
(210, 8, '2016-10-22 06:30:34'),
(210, 12, '2016-10-22 06:30:34'),
(211, 2, '2016-10-22 21:28:09'),
(211, 4, '2016-10-22 21:28:09'),
(211, 7, '2016-10-22 21:28:09'),
(211, 12, '2016-10-22 21:28:09'),
(211, 14, '2016-10-22 21:28:09'),
(211, 25, '2016-10-22 21:28:09'),
(211, 26, '2016-10-22 21:28:09'),
(211, 33, '2016-10-22 21:28:09'),
(211, 41, '2016-10-22 21:28:09'),
(212, 7, '2016-10-25 00:13:19'),
(212, 15, '2016-10-25 00:13:19'),
(212, 25, '2016-10-25 00:13:19'),
(212, 30, '2016-10-25 00:13:19'),
(212, 33, '2016-10-25 00:13:19'),
(213, 4, '2016-10-24 10:22:00'),
(213, 10, '2016-10-24 10:22:00'),
(213, 15, '2016-10-24 10:22:00'),
(213, 32, '2016-10-24 10:22:00'),
(214, 26, '2016-10-24 10:41:08'),
(215, 2, '2016-10-25 12:54:25'),
(215, 3, '2016-10-25 12:54:25'),
(215, 7, '2016-10-25 12:54:25'),
(215, 8, '2016-10-25 12:54:25'),
(215, 10, '2016-10-25 12:54:25'),
(215, 11, '2016-10-25 12:54:25'),
(215, 12, '2016-10-25 12:54:25'),
(215, 13, '2016-10-25 12:54:25'),
(215, 14, '2016-10-25 12:54:25'),
(215, 16, '2016-10-25 12:54:25'),
(215, 17, '2016-10-25 12:54:25'),
(215, 18, '2016-10-25 12:54:25'),
(215, 19, '2016-10-25 12:54:25'),
(215, 21, '2016-10-25 12:54:25'),
(215, 23, '2016-10-25 12:54:25'),
(215, 25, '2016-10-25 12:54:25'),
(215, 26, '2016-10-25 12:54:25'),
(215, 28, '2016-10-25 12:54:25'),
(215, 31, '2016-10-25 12:54:25'),
(215, 32, '2016-10-25 12:54:25'),
(215, 33, '2016-10-25 12:54:25'),
(215, 36, '2016-10-25 12:54:25'),
(215, 37, '2016-10-25 12:54:25'),
(215, 38, '2016-10-25 12:54:25'),
(215, 41, '2016-10-25 12:54:25'),
(215, 42, '2016-10-25 12:54:25'),
(216, 15, '2016-10-26 09:48:18'),
(216, 24, '2016-10-26 09:48:18'),
(216, 26, '2016-10-26 09:48:18'),
(216, 30, '2016-10-26 09:48:18'),
(216, 32, '2016-10-26 09:48:18'),
(217, 0, '2016-10-26 21:52:00'),
(217, 1, '2016-10-26 21:52:00'),
(217, 3, '2016-10-26 21:52:00'),
(217, 4, '2016-10-26 21:52:00'),
(217, 5, '2016-10-26 21:52:00'),
(217, 6, '2016-10-26 21:52:00'),
(217, 8, '2016-10-26 21:52:00'),
(217, 9, '2016-10-26 21:52:00'),
(217, 10, '2016-10-26 21:52:00'),
(217, 11, '2016-10-26 21:52:00'),
(217, 13, '2016-10-26 21:52:00'),
(217, 14, '2016-10-26 21:52:00'),
(217, 15, '2016-10-26 21:52:00'),
(217, 16, '2016-10-26 21:52:00'),
(217, 17, '2016-10-26 21:52:00'),
(217, 19, '2016-10-26 21:52:00'),
(217, 23, '2016-10-26 21:52:00'),
(217, 31, '2016-10-26 21:52:00'),
(217, 35, '2016-10-26 21:52:00'),
(217, 39, '2016-10-26 21:52:00'),
(217, 40, '2016-10-26 21:52:00'),
(218, 17, '2016-10-28 15:21:44'),
(218, 27, '2016-10-28 15:21:44'),
(218, 14, '2016-10-28 15:21:44'),
(218, 19, '2016-10-28 15:21:44'),
(218, 22, '2016-10-28 15:21:44'),
(218, 40, '2016-10-28 15:21:44'),
(220, 0, '2016-11-02 09:55:09'),
(220, 1, '2016-11-02 09:55:09'),
(220, 3, '2016-11-02 09:55:09'),
(220, 4, '2016-11-02 09:55:09'),
(220, 6, '2016-11-02 09:55:09'),
(220, 7, '2016-11-02 09:55:09'),
(220, 8, '2016-11-02 09:55:09'),
(220, 9, '2016-11-02 09:55:09'),
(220, 12, '2016-11-02 09:55:09'),
(220, 13, '2016-11-02 09:55:09'),
(220, 16, '2016-11-02 09:55:09'),
(220, 18, '2016-11-02 09:55:09'),
(220, 19, '2016-11-02 09:55:09'),
(220, 20, '2016-11-02 09:55:09'),
(220, 22, '2016-11-02 09:55:09'),
(220, 23, '2016-11-02 09:55:09'),
(220, 36, '2016-11-02 09:55:09'),
(220, 38, '2016-11-02 09:55:09'),
(221, 2, '2016-11-02 16:11:42'),
(221, 10, '2016-11-02 16:11:42'),
(221, 30, '2016-11-02 16:11:42'),
(221, 31, '2016-11-02 16:11:42'),
(221, 32, '2016-11-02 16:11:42'),
(222, 0, '2016-11-02 17:03:54'),
(222, 2, '2016-11-02 17:03:54'),
(222, 5, '2016-11-02 17:03:54'),
(222, 12, '2016-11-02 17:03:54'),
(222, 14, '2016-11-02 17:03:54'),
(222, 22, '2016-11-02 17:03:54'),
(222, 26, '2016-11-02 17:03:54'),
(222, 27, '2016-11-02 17:03:54'),
(222, 33, '2016-11-02 17:03:54'),
(223, 2, '2016-11-03 12:14:09'),
(223, 3, '2016-11-03 12:14:09'),
(223, 6, '2016-11-03 12:14:09'),
(223, 10, '2016-11-03 12:14:09'),
(223, 15, '2016-11-03 12:14:09'),
(223, 24, '2016-11-03 12:14:09'),
(223, 30, '2016-11-03 12:14:09'),
(223, 31, '2016-11-03 12:14:09'),
(223, 32, '2016-11-03 12:14:09'),
(225, 2, '2016-11-06 17:47:44'),
(226, 14, '2016-11-07 13:07:06'),
(226, 19, '2016-11-07 13:07:06'),
(226, 33, '2016-11-07 13:07:06'),
(227, 4, '2016-11-08 10:19:11'),
(227, 8, '2016-11-08 10:19:11'),
(227, 20, '2016-11-08 10:19:11'),
(227, 35, '2016-11-08 10:19:11'),
(227, 38, '2016-11-08 10:19:11'),
(227, 42, '2016-11-08 10:19:11'),
(227, 44, '2016-11-08 10:19:11'),
(228, 3, '2016-11-08 14:06:40'),
(228, 10, '2016-11-08 14:06:40'),
(228, 29, '2016-11-08 14:06:40'),
(228, 30, '2016-11-08 14:06:40'),
(228, 32, '2016-11-08 14:06:40'),
(230, 1, '2016-11-10 00:03:10'),
(230, 4, '2016-11-10 00:03:10'),
(230, 6, '2016-11-10 00:03:10'),
(230, 9, '2016-11-10 00:03:10'),
(230, 10, '2016-11-10 00:03:10'),
(230, 12, '2016-11-10 00:03:10'),
(230, 14, '2016-11-10 00:03:10'),
(230, 16, '2016-11-10 00:03:10'),
(230, 17, '2016-11-10 00:03:10'),
(230, 28, '2016-11-10 00:03:10'),
(230, 38, '2016-11-10 00:03:10'),
(231, 0, '2016-11-09 18:55:49'),
(231, 2, '2016-11-09 18:55:49'),
(231, 8, '2016-11-09 18:55:49'),
(231, 10, '2016-11-09 18:55:49'),
(231, 14, '2016-11-09 18:55:49'),
(231, 16, '2016-11-09 18:55:49'),
(231, 17, '2016-11-09 18:55:49'),
(231, 18, '2016-11-09 18:55:49'),
(231, 20, '2016-11-09 18:55:49'),
(231, 21, '2016-11-09 18:55:49'),
(231, 22, '2016-11-09 18:55:49'),
(231, 23, '2016-11-09 18:55:49'),
(231, 25, '2016-11-09 18:55:49'),
(231, 26, '2016-11-09 18:55:49'),
(231, 28, '2016-11-09 18:55:49'),
(231, 30, '2016-11-09 18:55:49'),
(231, 31, '2016-11-09 18:55:49'),
(231, 32, '2016-11-09 18:55:49'),
(231, 33, '2016-11-09 18:55:49'),
(231, 34, '2016-11-09 18:55:49'),
(231, 35, '2016-11-09 18:55:49'),
(231, 36, '2016-11-09 18:55:49'),
(231, 38, '2016-11-09 18:55:49'),
(231, 39, '2016-11-09 18:55:49'),
(231, 40, '2016-11-09 18:55:49'),
(231, 42, '2016-11-09 18:55:49'),
(231, 43, '2016-11-09 18:55:49'),
(231, 44, '2016-11-09 18:55:49'),
(232, 0, '2016-11-12 15:51:44'),
(232, 4, '2016-11-12 15:51:44'),
(232, 9, '2016-11-12 15:51:44'),
(232, 15, '2016-11-12 15:51:44'),
(232, 26, '2016-11-12 15:51:44'),
(232, 30, '2016-11-12 15:51:44'),
(232, 32, '2016-11-12 15:51:44'),
(232, 34, '2016-11-12 15:51:44'),
(233, 0, '2016-11-15 16:23:57'),
(233, 2, '2016-11-15 16:23:57'),
(233, 5, '2016-11-15 16:23:57'),
(233, 9, '2016-11-15 16:23:57'),
(233, 11, '2016-11-15 16:23:57'),
(233, 12, '2016-11-15 16:23:57'),
(233, 13, '2016-11-15 16:23:57'),
(233, 15, '2016-11-15 16:23:57'),
(233, 19, '2016-11-15 16:23:57'),
(233, 20, '2016-11-15 16:23:57'),
(233, 22, '2016-11-15 16:23:57'),
(233, 23, '2016-11-15 16:23:57'),
(233, 25, '2016-11-15 16:23:57'),
(233, 32, '2016-11-15 16:23:57'),
(233, 34, '2016-11-15 16:23:57'),
(233, 36, '2016-11-15 16:23:57'),
(233, 37, '2016-11-15 16:23:57'),
(233, 38, '2016-11-15 16:23:57'),
(233, 41, '2016-11-15 16:23:57'),
(233, 44, '2016-11-15 16:23:57'),
(234, 3, '2016-11-16 16:05:26'),
(234, 26, '2016-11-16 16:05:26'),
(235, 1, '2016-11-17 15:01:45'),
(235, 5, '2016-11-17 15:01:45'),
(235, 6, '2016-11-17 15:01:45'),
(235, 8, '2016-11-17 15:01:45'),
(235, 9, '2016-11-17 15:01:45'),
(235, 33, '2016-11-17 15:01:45'),
(236, 4, '2016-11-18 19:21:11'),
(236, 5, '2016-11-18 19:21:11'),
(236, 6, '2016-11-18 19:21:11'),
(236, 7, '2016-11-18 19:21:11'),
(236, 8, '2016-11-18 19:21:11'),
(236, 9, '2016-11-18 19:21:11'),
(236, 10, '2016-11-18 19:21:11'),
(236, 11, '2016-11-18 19:21:11'),
(236, 12, '2016-11-18 19:21:11'),
(236, 13, '2016-11-18 19:21:11'),
(236, 14, '2016-11-18 19:21:11'),
(236, 15, '2016-11-18 19:21:11'),
(236, 16, '2016-11-18 19:21:11'),
(236, 17, '2016-11-18 19:21:11'),
(236, 18, '2016-11-18 19:21:11'),
(236, 19, '2016-11-18 19:21:11'),
(236, 21, '2016-11-18 19:21:11'),
(236, 22, '2016-11-18 19:21:11'),
(236, 23, '2016-11-18 19:21:11'),
(236, 24, '2016-11-18 19:21:11'),
(236, 25, '2016-11-18 19:21:11'),
(236, 26, '2016-11-18 19:21:11'),
(236, 28, '2016-11-18 19:21:11'),
(236, 29, '2016-11-18 19:21:11'),
(236, 30, '2016-11-18 19:21:11'),
(236, 31, '2016-11-18 19:21:11'),
(236, 32, '2016-11-18 19:21:11'),
(236, 33, '2016-11-18 19:21:11'),
(236, 34, '2016-11-18 19:21:11'),
(236, 35, '2016-11-18 19:21:11'),
(236, 37, '2016-11-18 19:21:11'),
(236, 38, '2016-11-18 19:21:11'),
(236, 40, '2016-11-18 19:21:11'),
(236, 41, '2016-11-18 19:21:11'),
(236, 44, '2016-11-18 19:21:11'),
(237, 36, '2016-11-22 11:43:54'),
(239, 0, '2016-11-26 16:12:14'),
(239, 22, '2016-11-26 16:12:14'),
(239, 27, '2016-11-26 16:12:14'),
(239, 35, '2016-11-26 16:12:14'),
(240, 0, '2016-11-26 17:53:00'),
(240, 2, '2016-11-26 17:53:00'),
(240, 9, '2016-11-26 17:53:00'),
(240, 13, '2016-11-26 17:53:00'),
(240, 16, '2016-11-26 17:53:00'),
(240, 23, '2016-11-26 17:53:00'),
(240, 27, '2016-11-26 17:53:00'),
(240, 39, '2016-11-26 17:53:00'),
(240, 44, '2016-11-26 17:53:00'),
(241, 0, '2016-11-27 20:04:46'),
(241, 1, '2016-11-27 20:04:46'),
(241, 3, '2016-11-27 20:04:46'),
(241, 10, '2016-11-27 20:04:47'),
(241, 18, '2016-11-27 20:04:47'),
(241, 20, '2016-11-27 20:04:47'),
(241, 26, '2016-11-27 20:04:47'),
(241, 30, '2016-11-27 20:04:47'),
(241, 34, '2016-11-27 20:04:47'),
(241, 39, '2016-11-27 20:04:47'),
(242, 6, '2016-11-29 10:06:30'),
(242, 9, '2016-11-29 10:06:30'),
(242, 10, '2016-11-29 10:06:30'),
(242, 16, '2016-11-29 10:06:30'),
(242, 27, '2016-11-29 10:06:30'),
(242, 29, '2016-11-29 10:06:30'),
(242, 31, '2016-11-29 10:06:30'),
(242, 35, '2016-11-29 10:06:30'),
(243, 7, '2016-11-29 10:36:28'),
(243, 15, '2016-11-29 10:36:28'),
(243, 24, '2016-11-29 10:36:28'),
(243, 30, '2016-11-29 10:36:28'),
(243, 31, '2016-11-29 10:36:28'),
(243, 33, '2016-11-29 10:36:28'),
(243, 35, '2016-11-29 10:36:28'),
(243, 37, '2016-11-29 10:36:28'),
(243, 40, '2016-11-29 10:36:28'),
(243, 41, '2016-11-29 10:36:28'),
(244, 0, '2016-11-29 17:16:32'),
(244, 1, '2016-11-29 17:16:32'),
(244, 3, '2016-11-29 17:16:32'),
(244, 4, '2016-11-29 17:16:32'),
(244, 6, '2016-11-29 17:16:32'),
(244, 12, '2016-11-29 17:16:32'),
(244, 16, '2016-11-29 17:16:32'),
(244, 17, '2016-11-29 17:16:32'),
(244, 23, '2016-11-29 17:16:32'),
(244, 26, '2016-11-29 17:16:32'),
(244, 27, '2016-11-29 17:16:32'),
(244, 29, '2016-11-29 17:16:32'),
(244, 36, '2016-11-29 17:16:32'),
(245, 2, '2016-11-30 10:28:24'),
(245, 3, '2016-11-30 10:28:24'),
(245, 7, '2016-11-30 10:28:24'),
(245, 8, '2016-11-30 10:28:24'),
(245, 11, '2016-11-30 10:28:24'),
(245, 12, '2016-11-30 10:28:24'),
(245, 14, '2016-11-30 10:28:24'),
(245, 15, '2016-11-30 10:28:24'),
(245, 16, '2016-11-30 10:28:24'),
(245, 21, '2016-11-30 10:28:24'),
(245, 24, '2016-11-30 10:28:24'),
(245, 25, '2016-11-30 10:28:24'),
(245, 29, '2016-11-30 10:28:24'),
(245, 30, '2016-11-30 10:28:24'),
(245, 33, '2016-11-30 10:28:24'),
(245, 40, '2016-11-30 10:28:24'),
(246, 4, '2016-11-30 13:59:34'),
(247, 1, '2016-12-04 16:54:58'),
(247, 3, '2016-12-04 16:54:58'),
(247, 6, '2016-12-04 16:54:58'),
(247, 8, '2016-12-04 16:54:58'),
(247, 10, '2016-12-04 16:54:58'),
(247, 11, '2016-12-04 16:54:58'),
(247, 15, '2016-12-04 16:54:58'),
(247, 19, '2016-12-04 16:54:58'),
(247, 26, '2016-12-04 16:54:58'),
(247, 28, '2016-12-04 16:54:58'),
(247, 30, '2016-12-04 16:54:58'),
(247, 32, '2016-12-04 16:54:58'),
(247, 36, '2016-12-04 16:54:58'),
(249, 6, '2016-12-13 14:12:18'),
(249, 8, '2016-12-13 14:12:18'),
(249, 9, '2016-12-13 14:12:18'),
(249, 10, '2016-12-13 14:12:18'),
(249, 27, '2016-12-13 14:12:18'),
(249, 30, '2016-12-13 14:12:18'),
(250, 0, '2016-12-20 21:55:30'),
(250, 1, '2016-12-20 21:55:30'),
(250, 3, '2016-12-20 21:55:30'),
(250, 4, '2016-12-20 21:55:30'),
(250, 5, '2016-12-20 21:55:30'),
(250, 6, '2016-12-20 21:55:30'),
(250, 7, '2016-12-20 21:55:30'),
(250, 8, '2016-12-20 21:55:30'),
(250, 10, '2016-12-20 21:55:30'),
(250, 12, '2016-12-20 21:55:30'),
(250, 13, '2016-12-20 21:55:30'),
(250, 14, '2016-12-20 21:55:30'),
(250, 16, '2016-12-20 21:55:30'),
(250, 17, '2016-12-20 21:55:30'),
(250, 18, '2016-12-20 21:55:30'),
(250, 19, '2016-12-20 21:55:30'),
(250, 22, '2016-12-20 21:55:30'),
(250, 23, '2016-12-20 21:55:30'),
(250, 24, '2016-12-20 21:55:30'),
(250, 25, '2016-12-20 21:55:30'),
(250, 27, '2016-12-20 21:55:30'),
(250, 29, '2016-12-20 21:55:30'),
(250, 30, '2016-12-20 21:55:30'),
(250, 31, '2016-12-20 21:55:30'),
(250, 33, '2016-12-20 21:55:30'),
(250, 35, '2016-12-20 21:55:30'),
(250, 36, '2016-12-20 21:55:30'),
(250, 37, '2016-12-20 21:55:30'),
(250, 39, '2016-12-20 21:55:30'),
(250, 42, '2016-12-20 21:55:30'),
(250, 43, '2016-12-20 21:55:30'),
(250, 44, '2016-12-20 21:55:30'),
(252, 2, '2016-12-30 22:04:53'),
(252, 3, '2016-12-30 22:04:53'),
(252, 8, '2016-12-30 22:04:53'),
(252, 10, '2016-12-30 22:04:53'),
(252, 12, '2016-12-30 22:04:53'),
(252, 14, '2016-12-30 22:04:53'),
(252, 16, '2016-12-30 22:04:53'),
(252, 18, '2016-12-30 22:04:53'),
(252, 19, '2016-12-30 22:04:53'),
(252, 21, '2016-12-30 22:04:53'),
(252, 23, '2016-12-30 22:04:53'),
(252, 26, '2016-12-30 22:04:53'),
(252, 28, '2016-12-30 22:04:53'),
(252, 29, '2016-12-30 22:04:53'),
(252, 30, '2016-12-30 22:04:53'),
(252, 31, '2016-12-30 22:04:53'),
(252, 32, '2016-12-30 22:04:53'),
(252, 33, '2016-12-30 22:04:53'),
(252, 36, '2016-12-30 22:04:53'),
(252, 38, '2016-12-30 22:04:53'),
(252, 43, '2016-12-30 22:04:53'),
(253, 0, '2017-01-05 16:30:53'),
(253, 4, '2017-01-05 16:30:53'),
(253, 7, '2017-01-05 16:30:53'),
(253, 8, '2017-01-05 16:30:53'),
(253, 10, '2017-01-05 16:30:53'),
(253, 12, '2017-01-05 16:30:53'),
(253, 13, '2017-01-05 16:30:53'),
(253, 14, '2017-01-05 16:30:53'),
(254, 4, '2017-01-07 13:14:13'),
(254, 6, '2017-01-07 13:14:13'),
(254, 10, '2017-01-07 13:14:13'),
(254, 16, '2017-01-07 13:14:13'),
(254, 21, '2017-01-07 13:14:13'),
(254, 30, '2017-01-07 13:14:13'),
(255, 3, '2017-01-07 19:11:01'),
(255, 6, '2017-01-07 19:11:01'),
(255, 24, '2017-01-07 19:11:01'),
(255, 29, '2017-01-07 19:11:01'),
(256, 14, '2017-01-18 16:21:05'),
(256, 17, '2017-01-18 16:21:05'),
(256, 20, '2017-01-18 16:21:05');
INSERT INTO `miniscripts_stat` (`id`, `miniscript_id`, `time`) VALUES
(256, 21, '2017-01-18 16:21:05'),
(256, 22, '2017-01-18 16:21:05'),
(256, 23, '2017-01-18 16:21:05'),
(256, 27, '2017-01-18 16:21:05'),
(256, 28, '2017-01-18 16:21:06'),
(256, 30, '2017-01-18 16:21:06'),
(256, 31, '2017-01-18 16:21:06'),
(256, 33, '2017-01-18 16:21:06'),
(256, 35, '2017-01-18 16:21:06'),
(256, 38, '2017-01-18 16:21:06'),
(256, 42, '2017-01-18 16:21:06'),
(256, 43, '2017-01-18 16:21:06'),
(257, 1, '2017-01-18 16:44:27'),
(257, 3, '2017-01-18 16:44:27'),
(257, 6, '2017-01-18 16:44:27'),
(257, 7, '2017-01-18 16:44:27'),
(257, 9, '2017-01-18 16:44:27'),
(257, 10, '2017-01-18 16:44:28'),
(257, 14, '2017-01-18 16:44:28'),
(257, 15, '2017-01-18 16:44:28'),
(257, 16, '2017-01-18 16:44:28'),
(257, 18, '2017-01-18 16:44:28'),
(257, 19, '2017-01-18 16:44:28'),
(257, 20, '2017-01-18 16:44:28'),
(257, 23, '2017-01-18 16:44:28'),
(257, 24, '2017-01-18 16:44:28'),
(257, 25, '2017-01-18 16:44:28'),
(257, 26, '2017-01-18 16:44:28'),
(257, 28, '2017-01-18 16:44:28'),
(257, 31, '2017-01-18 16:44:28'),
(257, 32, '2017-01-18 16:44:28'),
(257, 33, '2017-01-18 16:44:28'),
(257, 34, '2017-01-18 16:44:28'),
(257, 38, '2017-01-18 16:44:28'),
(257, 39, '2017-01-18 16:44:28'),
(257, 40, '2017-01-18 16:44:28'),
(257, 42, '2017-01-18 16:44:28'),
(258, 0, '2017-01-19 16:06:45'),
(258, 1, '2017-01-19 16:06:45'),
(258, 3, '2017-01-19 16:06:45'),
(258, 5, '2017-01-19 16:06:45'),
(258, 6, '2017-01-19 16:06:45'),
(258, 7, '2017-01-19 16:06:45'),
(258, 9, '2017-01-19 16:06:45'),
(258, 10, '2017-01-19 16:06:45'),
(258, 26, '2017-01-19 16:06:45'),
(258, 33, '2017-01-19 16:06:45'),
(258, 34, '2017-01-19 16:06:45'),
(259, 10, '2017-01-19 17:15:47'),
(260, 14, '2017-01-20 15:10:54'),
(260, 23, '2017-01-20 15:10:54'),
(261, 3, '2017-01-20 16:16:37'),
(261, 6, '2017-01-20 16:16:37'),
(261, 7, '2017-01-20 16:16:37'),
(261, 8, '2017-01-20 16:16:37'),
(261, 29, '2017-01-20 16:16:37'),
(261, 33, '2017-01-20 16:16:37'),
(262, 1, '2017-01-20 18:32:27'),
(262, 2, '2017-01-20 18:32:27'),
(262, 4, '2017-01-20 18:32:27'),
(262, 5, '2017-01-20 18:32:27'),
(262, 6, '2017-01-20 18:32:27'),
(262, 8, '2017-01-20 18:32:27'),
(262, 9, '2017-01-20 18:32:27'),
(262, 16, '2017-01-20 18:32:27'),
(262, 17, '2017-01-20 18:32:27'),
(262, 19, '2017-01-20 18:32:27'),
(262, 27, '2017-01-20 18:32:27'),
(262, 29, '2017-01-20 18:32:27'),
(262, 34, '2017-01-20 18:32:27'),
(262, 35, '2017-01-20 18:32:27'),
(262, 37, '2017-01-20 18:32:27'),
(262, 39, '2017-01-20 18:32:27'),
(262, 40, '2017-01-20 18:32:27'),
(263, 8, '2017-01-20 20:16:35'),
(263, 16, '2017-01-20 20:16:35'),
(263, 19, '2017-01-20 20:16:35'),
(263, 26, '2017-01-20 20:16:35'),
(263, 33, '2017-01-20 20:16:35'),
(264, 0, '2017-01-21 20:49:34'),
(264, 1, '2017-01-21 20:49:34'),
(264, 2, '2017-01-21 20:49:34'),
(264, 3, '2017-01-21 20:49:34'),
(264, 4, '2017-01-21 20:49:34'),
(264, 5, '2017-01-21 20:49:34'),
(264, 6, '2017-01-21 20:49:34'),
(264, 7, '2017-01-21 20:49:34'),
(264, 8, '2017-01-21 20:49:34'),
(264, 9, '2017-01-21 20:49:34'),
(264, 10, '2017-01-21 20:49:34'),
(264, 11, '2017-01-21 20:49:34'),
(264, 12, '2017-01-21 20:49:34'),
(264, 14, '2017-01-21 20:49:34'),
(264, 15, '2017-01-21 20:49:34'),
(264, 16, '2017-01-21 20:49:34'),
(264, 17, '2017-01-21 20:49:34'),
(264, 18, '2017-01-21 20:49:34'),
(264, 23, '2017-01-21 20:49:34'),
(264, 25, '2017-01-21 20:49:34'),
(264, 26, '2017-01-21 20:49:34'),
(264, 30, '2017-01-21 20:49:34'),
(264, 34, '2017-01-21 20:49:34'),
(264, 38, '2017-01-21 20:49:34'),
(264, 39, '2017-01-21 20:49:34'),
(264, 40, '2017-01-21 20:49:34'),
(264, 41, '2017-01-21 20:49:34'),
(264, 43, '2017-01-21 20:49:34'),
(265, 0, '2017-01-23 15:18:39'),
(265, 1, '2017-01-23 15:18:39'),
(265, 6, '2017-01-23 15:18:39'),
(265, 7, '2017-01-23 15:18:39'),
(265, 8, '2017-01-23 15:18:39'),
(265, 9, '2017-01-23 15:18:39'),
(265, 24, '2017-01-23 15:18:39'),
(265, 25, '2017-01-23 15:18:39'),
(265, 27, '2017-01-23 15:18:39'),
(265, 33, '2017-01-23 15:18:39'),
(265, 37, '2017-01-23 15:18:39'),
(265, 40, '2017-01-23 15:18:39'),
(265, 41, '2017-01-23 15:18:39'),
(266, 0, '2017-01-24 14:45:25'),
(266, 1, '2017-01-24 14:45:25'),
(266, 2, '2017-01-24 14:45:25'),
(266, 10, '2017-01-24 14:45:25'),
(266, 14, '2017-01-24 14:45:25'),
(266, 15, '2017-01-24 14:45:25'),
(266, 17, '2017-01-24 14:45:25'),
(266, 18, '2017-01-24 14:45:25'),
(266, 19, '2017-01-24 14:45:25'),
(266, 20, '2017-01-24 14:45:25'),
(266, 23, '2017-01-24 14:45:25'),
(266, 26, '2017-01-24 14:45:25'),
(266, 28, '2017-01-24 14:45:25'),
(266, 29, '2017-01-24 14:45:25'),
(266, 30, '2017-01-24 14:45:25'),
(266, 31, '2017-01-24 14:45:25'),
(266, 33, '2017-01-24 14:45:25'),
(266, 37, '2017-01-24 14:45:25'),
(266, 38, '2017-01-24 14:45:25'),
(266, 39, '2017-01-24 14:45:25'),
(266, 40, '2017-01-24 14:45:25'),
(266, 42, '2017-01-24 14:45:25'),
(266, 44, '2017-01-24 14:45:25'),
(267, 3, '2017-01-25 10:57:00'),
(267, 4, '2017-01-25 10:57:00'),
(267, 6, '2017-01-25 10:57:00'),
(267, 7, '2017-01-25 10:57:00'),
(267, 8, '2017-01-25 10:57:00'),
(267, 16, '2017-01-25 10:57:00'),
(267, 18, '2017-01-25 10:57:00'),
(267, 23, '2017-01-25 10:57:00'),
(267, 25, '2017-01-25 10:57:00'),
(268, 2, '2017-01-25 20:27:42'),
(268, 4, '2017-01-25 20:27:42'),
(268, 7, '2017-01-25 20:27:42'),
(268, 9, '2017-01-25 20:27:42'),
(268, 12, '2017-01-25 20:27:42'),
(268, 13, '2017-01-25 20:27:42'),
(268, 14, '2017-01-25 20:27:42'),
(268, 19, '2017-01-25 20:27:42'),
(268, 20, '2017-01-25 20:27:42'),
(268, 38, '2017-01-25 20:27:42'),
(269, 0, '2017-01-27 11:13:39'),
(269, 3, '2017-01-27 11:13:39'),
(269, 6, '2017-01-27 11:13:39'),
(269, 8, '2017-01-27 11:13:39'),
(269, 10, '2017-01-27 11:13:39'),
(269, 12, '2017-01-27 11:13:39'),
(269, 13, '2017-01-27 11:13:39'),
(269, 23, '2017-01-27 11:13:39'),
(269, 32, '2017-01-27 11:13:39'),
(269, 38, '2017-01-27 11:13:39'),
(270, 15, '2017-01-27 13:59:35'),
(271, 0, '2017-01-27 16:01:00'),
(271, 5, '2017-01-27 16:01:00'),
(271, 6, '2017-01-27 16:01:00'),
(271, 8, '2017-01-27 16:01:00'),
(271, 13, '2017-01-27 16:01:00'),
(271, 23, '2017-01-27 16:01:00'),
(271, 34, '2017-01-27 16:01:00'),
(271, 37, '2017-01-27 16:01:00'),
(271, 41, '2017-01-27 16:01:00'),
(272, 2, '2017-01-29 18:28:19'),
(273, 20, '2017-01-30 16:25:37'),
(273, 21, '2017-01-30 16:25:37'),
(273, 22, '2017-01-30 16:25:37'),
(273, 23, '2017-01-30 16:25:37'),
(273, 31, '2017-01-30 16:25:37'),
(273, 38, '2017-01-30 16:25:37'),
(274, 1, '2017-02-01 15:35:54'),
(274, 3, '2017-02-01 15:35:54'),
(274, 5, '2017-02-01 15:35:54'),
(274, 6, '2017-02-01 15:35:54'),
(274, 7, '2017-02-01 15:35:54'),
(274, 10, '2017-02-01 15:35:54'),
(274, 26, '2017-02-01 15:35:54'),
(274, 34, '2017-02-01 15:35:54'),
(275, 11, '2017-02-01 16:17:35'),
(275, 14, '2017-02-01 16:17:35'),
(275, 19, '2017-02-01 16:17:35'),
(275, 21, '2017-02-01 16:17:35'),
(275, 24, '2017-02-01 16:17:35'),
(275, 30, '2017-02-01 16:17:35'),
(275, 33, '2017-02-01 16:17:35'),
(275, 34, '2017-02-01 16:17:35'),
(276, 14, '2017-02-10 15:24:29'),
(276, 19, '2017-02-10 15:24:29'),
(276, 33, '2017-02-10 15:24:29'),
(276, 40, '2017-02-10 15:24:29'),
(277, 10, '2017-02-12 14:08:53'),
(277, 31, '2017-02-12 14:08:53'),
(277, 37, '2017-02-12 14:08:53'),
(279, 1, '2017-02-12 16:51:02'),
(279, 2, '2017-02-12 16:51:02'),
(279, 4, '2017-02-12 16:51:02'),
(279, 7, '2017-02-12 16:51:02'),
(279, 8, '2017-02-12 16:51:02'),
(279, 9, '2017-02-12 16:51:02'),
(279, 11, '2017-02-12 16:51:02'),
(279, 12, '2017-02-12 16:51:02'),
(279, 15, '2017-02-12 16:51:02'),
(279, 16, '2017-02-12 16:51:02'),
(279, 17, '2017-02-12 16:51:02'),
(279, 18, '2017-02-12 16:51:02'),
(279, 23, '2017-02-12 16:51:02'),
(279, 31, '2017-02-12 16:51:02'),
(279, 34, '2017-02-12 16:51:02'),
(279, 37, '2017-02-12 16:51:02'),
(279, 38, '2017-02-12 16:51:02'),
(281, 0, '2017-02-17 15:09:36'),
(281, 1, '2017-02-17 15:09:36'),
(281, 2, '2017-02-17 15:09:36'),
(281, 3, '2017-02-17 15:09:36'),
(281, 6, '2017-02-17 15:09:36'),
(281, 7, '2017-02-17 15:09:36'),
(281, 8, '2017-02-17 15:09:36'),
(281, 9, '2017-02-17 15:09:36'),
(281, 10, '2017-02-17 15:09:36'),
(281, 18, '2017-02-17 15:09:36'),
(281, 20, '2017-02-17 15:09:36'),
(281, 24, '2017-02-17 15:09:36'),
(281, 26, '2017-02-17 15:09:36'),
(281, 28, '2017-02-17 15:09:36'),
(281, 31, '2017-02-17 15:09:36'),
(281, 33, '2017-02-17 15:09:36'),
(281, 34, '2017-02-17 15:09:36'),
(281, 38, '2017-02-17 15:09:36'),
(281, 43, '2017-02-17 15:09:36'),
(282, 0, '2017-02-17 15:58:19'),
(282, 1, '2017-02-17 15:58:19'),
(282, 2, '2017-02-17 15:58:19'),
(282, 3, '2017-02-17 15:58:19'),
(282, 5, '2017-02-17 15:58:19'),
(282, 6, '2017-02-17 15:58:19'),
(282, 7, '2017-02-17 15:58:19'),
(282, 8, '2017-02-17 15:58:19'),
(282, 10, '2017-02-17 15:58:19'),
(282, 12, '2017-02-17 15:58:19'),
(282, 13, '2017-02-17 15:58:19'),
(282, 14, '2017-02-17 15:58:19'),
(282, 15, '2017-02-17 15:58:19'),
(282, 16, '2017-02-17 15:58:19'),
(282, 17, '2017-02-17 15:58:19'),
(282, 18, '2017-02-17 15:58:19'),
(282, 19, '2017-02-17 15:58:19'),
(282, 20, '2017-02-17 15:58:19'),
(282, 21, '2017-02-17 15:58:19'),
(282, 23, '2017-02-17 15:58:19'),
(282, 25, '2017-02-17 15:58:19'),
(282, 26, '2017-02-17 15:58:19'),
(282, 27, '2017-02-17 15:58:19'),
(282, 28, '2017-02-17 15:58:19'),
(282, 32, '2017-02-17 15:58:19'),
(282, 34, '2017-02-17 15:58:19'),
(282, 35, '2017-02-17 15:58:19'),
(282, 37, '2017-02-17 15:58:19'),
(282, 38, '2017-02-17 15:58:19'),
(282, 40, '2017-02-17 15:58:19'),
(282, 41, '2017-02-17 15:58:19'),
(283, 0, '2017-02-18 16:11:43'),
(283, 1, '2017-02-18 16:11:43'),
(283, 3, '2017-02-18 16:11:43'),
(283, 4, '2017-02-18 16:11:43'),
(283, 5, '2017-02-18 16:11:43'),
(283, 6, '2017-02-18 16:11:43'),
(283, 7, '2017-02-18 16:11:43'),
(283, 8, '2017-02-18 16:11:43'),
(283, 9, '2017-02-18 16:11:43'),
(283, 10, '2017-02-18 16:11:43'),
(283, 15, '2017-02-18 16:11:43'),
(283, 25, '2017-02-18 16:11:43'),
(283, 27, '2017-02-18 16:11:43'),
(283, 29, '2017-02-18 16:11:43'),
(283, 30, '2017-02-18 16:11:43'),
(283, 32, '2017-02-18 16:11:43'),
(283, 33, '2017-02-18 16:11:43'),
(283, 34, '2017-02-18 16:11:43'),
(283, 37, '2017-02-18 16:11:43'),
(283, 39, '2017-02-18 16:11:43'),
(283, 41, '2017-02-18 16:11:43'),
(286, 14, '2017-02-21 17:17:24'),
(286, 19, '2017-02-21 17:17:24'),
(287, 0, '2017-02-22 10:12:28'),
(287, 1, '2017-02-22 10:12:28'),
(287, 2, '2017-02-22 10:12:28'),
(287, 3, '2017-02-22 10:12:28'),
(287, 4, '2017-02-22 10:12:28'),
(287, 6, '2017-02-22 10:12:28'),
(287, 8, '2017-02-22 10:12:28'),
(287, 10, '2017-02-22 10:12:28'),
(287, 13, '2017-02-22 10:12:28'),
(287, 20, '2017-02-22 10:12:28'),
(287, 35, '2017-02-22 10:12:28'),
(287, 37, '2017-02-22 10:12:28'),
(287, 38, '2017-02-22 10:12:28'),
(287, 41, '2017-02-22 10:12:28'),
(287, 42, '2017-02-22 10:12:28'),
(288, 0, '2017-02-22 12:25:07'),
(288, 2, '2017-02-22 12:25:07'),
(288, 7, '2017-02-22 12:25:07'),
(288, 11, '2017-02-22 12:25:07'),
(288, 13, '2017-02-22 12:25:07'),
(288, 17, '2017-02-22 12:25:07'),
(288, 19, '2017-02-22 12:25:07'),
(288, 20, '2017-02-22 12:25:07'),
(288, 21, '2017-02-22 12:25:07'),
(288, 22, '2017-02-22 12:25:07'),
(288, 23, '2017-02-22 12:25:07'),
(288, 25, '2017-02-22 12:25:07'),
(288, 31, '2017-02-22 12:25:07'),
(288, 32, '2017-02-22 12:25:07'),
(288, 34, '2017-02-22 12:25:07'),
(288, 38, '2017-02-22 12:25:07'),
(288, 41, '2017-02-22 12:25:07'),
(288, 42, '2017-02-22 12:25:07'),
(288, 44, '2017-02-22 12:25:07'),
(289, 6, '2017-02-24 11:40:28'),
(289, 7, '2017-02-24 11:40:28'),
(289, 17, '2017-02-24 11:40:28'),
(289, 19, '2017-02-24 11:40:28'),
(289, 22, '2017-02-24 11:40:28'),
(289, 27, '2017-02-24 11:40:28'),
(289, 29, '2017-02-24 11:40:28'),
(289, 39, '2017-02-24 11:40:28'),
(289, 40, '2017-02-24 11:40:28'),
(289, 44, '2017-02-24 11:40:28'),
(290, 6, '2017-03-01 12:39:42'),
(290, 11, '2017-03-01 12:39:42'),
(290, 15, '2017-03-01 12:39:42'),
(290, 3, '2017-03-01 12:40:21'),
(290, 7, '2017-03-01 12:40:21'),
(290, 10, '2017-03-01 12:40:21'),
(290, 11, '2017-03-01 12:40:21'),
(290, 16, '2017-03-01 12:40:21'),
(290, 19, '2017-03-01 12:40:21'),
(291, 0, '2017-03-01 17:55:14'),
(291, 1, '2017-03-01 17:55:14'),
(291, 2, '2017-03-01 17:55:14'),
(291, 3, '2017-03-01 17:55:14'),
(291, 4, '2017-03-01 17:55:14'),
(291, 5, '2017-03-01 17:55:14'),
(291, 20, '2017-03-01 17:55:14'),
(291, 38, '2017-03-01 17:55:14'),
(292, 3, '2017-03-02 13:24:06'),
(292, 6, '2017-03-02 13:24:06'),
(292, 7, '2017-03-02 13:24:06'),
(293, 0, '2017-03-02 13:46:12'),
(293, 2, '2017-03-02 13:46:12'),
(293, 5, '2017-03-02 13:46:12'),
(293, 30, '2017-03-02 13:46:12'),
(293, 31, '2017-03-02 13:46:12'),
(293, 33, '2017-03-02 13:46:12'),
(294, 2, '2017-03-02 21:44:11'),
(294, 4, '2017-03-02 21:44:11'),
(294, 7, '2017-03-02 21:44:11'),
(294, 11, '2017-03-02 21:44:11'),
(294, 12, '2017-03-02 21:44:11'),
(294, 14, '2017-03-02 21:44:11'),
(294, 15, '2017-03-02 21:44:11'),
(294, 17, '2017-03-02 21:44:11'),
(294, 21, '2017-03-02 21:44:11'),
(294, 24, '2017-03-02 21:44:11'),
(294, 25, '2017-03-02 21:44:11'),
(294, 26, '2017-03-02 21:44:11'),
(294, 30, '2017-03-02 21:44:11'),
(294, 31, '2017-03-02 21:44:11'),
(294, 32, '2017-03-02 21:44:11'),
(294, 33, '2017-03-02 21:44:11'),
(294, 37, '2017-03-02 21:44:11'),
(294, 40, '2017-03-02 21:44:11'),
(294, 41, '2017-03-02 21:44:11'),
(295, 0, '2017-03-05 18:27:03'),
(295, 1, '2017-03-05 18:27:03'),
(295, 2, '2017-03-05 18:27:03'),
(295, 3, '2017-03-05 18:27:03'),
(295, 4, '2017-03-05 18:27:03'),
(295, 5, '2017-03-05 18:27:03'),
(295, 6, '2017-03-05 18:27:03'),
(295, 7, '2017-03-05 18:27:03'),
(295, 8, '2017-03-05 18:27:03'),
(295, 9, '2017-03-05 18:27:03'),
(295, 10, '2017-03-05 18:27:03'),
(295, 11, '2017-03-05 18:27:03'),
(295, 12, '2017-03-05 18:27:03'),
(295, 13, '2017-03-05 18:27:03'),
(295, 14, '2017-03-05 18:27:03'),
(295, 15, '2017-03-05 18:27:03'),
(295, 16, '2017-03-05 18:27:03'),
(295, 17, '2017-03-05 18:27:03'),
(295, 18, '2017-03-05 18:27:03'),
(295, 19, '2017-03-05 18:27:03'),
(295, 20, '2017-03-05 18:27:03'),
(295, 21, '2017-03-05 18:27:03'),
(295, 22, '2017-03-05 18:27:03'),
(295, 23, '2017-03-05 18:27:03'),
(295, 24, '2017-03-05 18:27:03'),
(295, 25, '2017-03-05 18:27:03'),
(295, 26, '2017-03-05 18:27:03'),
(295, 27, '2017-03-05 18:27:03'),
(295, 28, '2017-03-05 18:27:03'),
(295, 29, '2017-03-05 18:27:03'),
(295, 30, '2017-03-05 18:27:03'),
(295, 31, '2017-03-05 18:27:03'),
(295, 32, '2017-03-05 18:27:03'),
(295, 33, '2017-03-05 18:27:03'),
(295, 34, '2017-03-05 18:27:03'),
(295, 35, '2017-03-05 18:27:03'),
(295, 36, '2017-03-05 18:27:03'),
(295, 37, '2017-03-05 18:27:03'),
(295, 38, '2017-03-05 18:27:03'),
(295, 39, '2017-03-05 18:27:03'),
(295, 40, '2017-03-05 18:27:03'),
(295, 41, '2017-03-05 18:27:03'),
(295, 42, '2017-03-05 18:27:03'),
(295, 43, '2017-03-05 18:27:03'),
(295, 44, '2017-03-05 18:27:03'),
(296, 0, '2017-03-14 11:41:06'),
(296, 3, '2017-03-14 11:41:06'),
(296, 4, '2017-03-14 11:41:06'),
(296, 7, '2017-03-14 11:41:06'),
(296, 8, '2017-03-14 11:41:06'),
(296, 9, '2017-03-14 11:41:06'),
(296, 10, '2017-03-14 11:41:06'),
(296, 13, '2017-03-14 11:41:06'),
(296, 14, '2017-03-14 11:41:06'),
(296, 15, '2017-03-14 11:41:06'),
(296, 16, '2017-03-14 11:41:06'),
(296, 17, '2017-03-14 11:41:06'),
(296, 18, '2017-03-14 11:41:06'),
(296, 20, '2017-03-14 11:41:06'),
(296, 23, '2017-03-14 11:41:06'),
(296, 25, '2017-03-14 11:41:06'),
(296, 38, '2017-03-14 11:41:06'),
(296, 41, '2017-03-14 11:41:06'),
(296, 43, '2017-03-14 11:41:06'),
(297, 0, '2017-03-14 16:04:05'),
(297, 1, '2017-03-14 16:04:05'),
(297, 2, '2017-03-14 16:04:05'),
(297, 4, '2017-03-14 16:04:05'),
(297, 5, '2017-03-14 16:04:05'),
(297, 8, '2017-03-14 16:04:05'),
(297, 9, '2017-03-14 16:04:05'),
(297, 10, '2017-03-14 16:04:05'),
(297, 11, '2017-03-14 16:04:05'),
(297, 13, '2017-03-14 16:04:05'),
(297, 16, '2017-03-14 16:04:05'),
(297, 17, '2017-03-14 16:04:05'),
(297, 18, '2017-03-14 16:04:05'),
(297, 19, '2017-03-14 16:04:05'),
(297, 20, '2017-03-14 16:04:05'),
(297, 21, '2017-03-14 16:04:05'),
(297, 22, '2017-03-14 16:04:05'),
(297, 23, '2017-03-14 16:04:05'),
(297, 24, '2017-03-14 16:04:05'),
(297, 25, '2017-03-14 16:04:05'),
(297, 27, '2017-03-14 16:04:05'),
(297, 28, '2017-03-14 16:04:05'),
(297, 29, '2017-03-14 16:04:05'),
(297, 30, '2017-03-14 16:04:05'),
(297, 31, '2017-03-14 16:04:05'),
(297, 32, '2017-03-14 16:04:05'),
(297, 33, '2017-03-14 16:04:05'),
(297, 34, '2017-03-14 16:04:05'),
(297, 35, '2017-03-14 16:04:05'),
(297, 36, '2017-03-14 16:04:05'),
(297, 37, '2017-03-14 16:04:05'),
(297, 38, '2017-03-14 16:04:05'),
(297, 39, '2017-03-14 16:04:05'),
(297, 40, '2017-03-14 16:04:05'),
(297, 41, '2017-03-14 16:04:05'),
(297, 42, '2017-03-14 16:04:05'),
(297, 43, '2017-03-14 16:04:05'),
(297, 44, '2017-03-14 16:04:05'),
(298, 0, '2017-03-14 16:50:24'),
(298, 3, '2017-03-14 16:50:27'),
(298, 4, '2017-03-14 16:50:27'),
(298, 5, '2017-03-14 16:50:27'),
(298, 6, '2017-03-14 16:50:27'),
(298, 9, '2017-03-14 16:50:27'),
(298, 13, '2017-03-14 16:50:27'),
(298, 18, '2017-03-14 16:50:27'),
(298, 20, '2017-03-14 16:50:27'),
(298, 24, '2017-03-14 16:50:27'),
(298, 25, '2017-03-14 16:50:27'),
(298, 26, '2017-03-14 16:50:27'),
(298, 27, '2017-03-14 16:50:27'),
(298, 28, '2017-03-14 16:50:27'),
(298, 29, '2017-03-14 16:50:27'),
(298, 33, '2017-03-14 16:50:27'),
(298, 38, '2017-03-14 16:50:27'),
(298, 40, '2017-03-14 16:50:27'),
(298, 42, '2017-03-14 16:50:27'),
(298, 44, '2017-03-14 16:50:27'),
(299, 1, '2017-03-17 17:06:27'),
(299, 2, '2017-03-17 17:06:27'),
(299, 4, '2017-03-17 17:06:27'),
(299, 6, '2017-03-17 17:06:27'),
(299, 8, '2017-03-17 17:06:27'),
(299, 9, '2017-03-17 17:06:27'),
(299, 10, '2017-03-17 17:06:27'),
(299, 13, '2017-03-17 17:06:27'),
(299, 16, '2017-03-17 17:06:27'),
(299, 17, '2017-03-17 17:06:27'),
(299, 20, '2017-03-17 17:06:27'),
(299, 23, '2017-03-17 17:06:27'),
(299, 25, '2017-03-17 17:06:27'),
(299, 27, '2017-03-17 17:06:27'),
(299, 28, '2017-03-17 17:06:27'),
(299, 30, '2017-03-17 17:06:27'),
(299, 31, '2017-03-17 17:06:27'),
(299, 36, '2017-03-17 17:06:27'),
(299, 37, '2017-03-17 17:06:27'),
(299, 38, '2017-03-17 17:06:27'),
(299, 39, '2017-03-17 17:06:27'),
(299, 40, '2017-03-17 17:06:27'),
(299, 42, '2017-03-17 17:06:27'),
(299, 44, '2017-03-17 17:06:27'),
(300, 1, '2017-03-17 20:12:02'),
(300, 2, '2017-03-17 20:12:02'),
(300, 3, '2017-03-17 20:12:02'),
(300, 4, '2017-03-17 20:12:02'),
(300, 6, '2017-03-17 20:12:02'),
(300, 9, '2017-03-17 20:12:02'),
(300, 10, '2017-03-17 20:12:02'),
(300, 13, '2017-03-17 20:12:02'),
(300, 14, '2017-03-17 20:12:02'),
(300, 16, '2017-03-17 20:12:02'),
(300, 18, '2017-03-17 20:12:02'),
(300, 19, '2017-03-17 20:12:02'),
(300, 22, '2017-03-17 20:12:02'),
(300, 27, '2017-03-17 20:12:02'),
(300, 31, '2017-03-17 20:12:02'),
(300, 42, '2017-03-17 20:12:02'),
(300, 44, '2017-03-17 20:12:02'),
(301, 2, '2017-03-19 10:45:20'),
(301, 4, '2017-03-19 10:45:21'),
(301, 11, '2017-03-19 10:45:21'),
(301, 14, '2017-03-19 10:45:21'),
(301, 19, '2017-03-19 10:45:21'),
(301, 25, '2017-03-19 10:45:21'),
(301, 30, '2017-03-19 10:45:21'),
(301, 33, '2017-03-19 10:45:21'),
(301, 40, '2017-03-19 10:45:21'),
(303, 33, '2017-03-20 09:30:42'),
(304, 42, '2017-03-20 09:41:29'),
(306, 43, '2017-03-22 13:45:00'),
(308, 5, '2017-03-26 18:38:43'),
(308, 9, '2017-03-26 18:38:43'),
(310, 20, '2017-04-03 12:31:38'),
(310, 21, '2017-04-03 12:31:38'),
(310, 31, '2017-04-03 12:31:38'),
(310, 35, '2017-04-03 12:31:38'),
(310, 36, '2017-04-03 12:31:38'),
(310, 42, '2017-04-03 12:31:38'),
(310, 43, '2017-04-03 12:31:38'),
(310, 44, '2017-04-03 12:31:38'),
(311, 0, '2017-04-03 16:56:56'),
(311, 10, '2017-04-03 16:56:56'),
(311, 13, '2017-04-03 16:56:56'),
(311, 14, '2017-04-03 16:56:56'),
(311, 18, '2017-04-03 16:56:56'),
(311, 20, '2017-04-03 16:56:56'),
(311, 23, '2017-04-03 16:56:56'),
(311, 31, '2017-04-03 16:56:56'),
(311, 34, '2017-04-03 16:56:56'),
(312, 28, '2017-04-10 16:31:13'),
(313, 33, '2017-05-02 09:18:21'),
(314, 14, '2017-05-02 14:54:54'),
(314, 17, '2017-05-02 14:54:54'),
(314, 27, '2017-05-02 14:54:54'),
(314, 33, '2017-05-02 14:54:54'),
(314, 5, '2017-05-02 15:00:04'),
(314, 14, '2017-05-02 15:00:04'),
(314, 17, '2017-05-02 15:00:04'),
(314, 19, '2017-05-02 15:00:04'),
(314, 27, '2017-05-02 15:00:04'),
(314, 30, '2017-05-02 15:00:04'),
(314, 33, '2017-05-02 15:00:04'),
(314, 34, '2017-05-02 15:00:05'),
(314, 35, '2017-05-02 15:00:05'),
(314, 40, '2017-05-02 15:00:05'),
(314, 44, '2017-05-02 15:00:05'),
(314, 33, '2017-05-02 15:00:42'),
(316, 33, '2017-05-02 15:07:41'),
(317, 40, '2017-05-02 15:27:41'),
(319, 7, '2017-05-02 15:32:18'),
(319, 17, '2017-05-02 15:32:18'),
(319, 19, '2017-05-02 15:32:18'),
(319, 38, '2017-05-02 15:32:18'),
(318, 0, '2017-05-02 15:34:20'),
(318, 25, '2017-05-02 15:34:20'),
(318, 32, '2017-05-02 15:34:20'),
(318, 34, '2017-05-02 15:34:20'),
(320, 1, '2017-05-02 15:42:08'),
(320, 2, '2017-05-02 15:42:08'),
(320, 10, '2017-05-02 15:42:08'),
(320, 12, '2017-05-02 15:42:08'),
(320, 13, '2017-05-02 15:42:08'),
(320, 14, '2017-05-02 15:42:08'),
(320, 27, '2017-05-02 15:42:08'),
(320, 28, '2017-05-02 15:42:08'),
(320, 29, '2017-05-02 15:42:08'),
(320, 30, '2017-05-02 15:42:08'),
(320, 31, '2017-05-02 15:42:08'),
(320, 38, '2017-05-02 15:42:08'),
(320, 41, '2017-05-02 15:42:08'),
(320, 44, '2017-05-02 15:42:08'),
(321, 0, '2017-05-02 15:44:28'),
(321, 1, '2017-05-02 15:44:28'),
(321, 2, '2017-05-02 15:44:28'),
(321, 3, '2017-05-02 15:44:28'),
(321, 5, '2017-05-02 15:44:28'),
(321, 10, '2017-05-02 15:44:28'),
(321, 26, '2017-05-02 15:44:28'),
(321, 27, '2017-05-02 15:44:28'),
(321, 34, '2017-05-02 15:44:28'),
(321, 37, '2017-05-02 15:44:28'),
(321, 40, '2017-05-02 15:44:28'),
(321, 44, '2017-05-02 15:44:28'),
(322, 3, '2017-05-02 15:50:07'),
(322, 10, '2017-05-02 15:50:07'),
(322, 29, '2017-05-02 15:50:07'),
(322, 32, '2017-05-02 15:50:07'),
(323, 0, '2017-05-02 16:55:51'),
(323, 1, '2017-05-02 16:55:51'),
(323, 2, '2017-05-02 16:55:51'),
(323, 4, '2017-05-02 16:55:51'),
(323, 6, '2017-05-02 16:55:51'),
(323, 9, '2017-05-02 16:55:51'),
(323, 10, '2017-05-02 16:55:51'),
(323, 15, '2017-05-02 16:55:51'),
(323, 20, '2017-05-02 16:55:51'),
(323, 27, '2017-05-02 16:55:51'),
(323, 28, '2017-05-02 16:55:51'),
(323, 30, '2017-05-02 16:55:51'),
(325, 0, '2017-05-02 22:33:43'),
(325, 2, '2017-05-02 22:33:43'),
(325, 4, '2017-05-02 22:33:43'),
(325, 9, '2017-05-02 22:33:43'),
(325, 11, '2017-05-02 22:33:43'),
(325, 20, '2017-05-02 22:33:43'),
(325, 21, '2017-05-02 22:33:43'),
(325, 25, '2017-05-02 22:33:43'),
(325, 27, '2017-05-02 22:33:43'),
(325, 28, '2017-05-02 22:33:43'),
(325, 30, '2017-05-02 22:33:43'),
(325, 31, '2017-05-02 22:33:43'),
(325, 33, '2017-05-02 22:33:43'),
(325, 36, '2017-05-02 22:33:43'),
(325, 42, '2017-05-02 22:33:43'),
(325, 43, '2017-05-02 22:33:43'),
(327, 1, '2017-05-04 10:45:07'),
(328, 8, '2017-05-04 10:47:08'),
(328, 38, '2017-05-04 10:47:08'),
(329, 8, '2017-05-04 10:47:13'),
(329, 10, '2017-05-04 10:47:13'),
(329, 13, '2017-05-04 10:47:13'),
(329, 23, '2017-05-04 10:47:13'),
(329, 31, '2017-05-04 10:47:13'),
(329, 36, '2017-05-04 10:47:13'),
(330, 2, '2017-05-04 10:48:04'),
(330, 3, '2017-05-04 10:48:04'),
(330, 4, '2017-05-04 10:48:04'),
(330, 5, '2017-05-04 10:48:04'),
(330, 8, '2017-05-04 10:48:04'),
(330, 10, '2017-05-04 10:48:04'),
(330, 11, '2017-05-04 10:48:04'),
(330, 13, '2017-05-04 10:48:04'),
(330, 15, '2017-05-04 10:48:04'),
(330, 16, '2017-05-04 10:48:04'),
(330, 17, '2017-05-04 10:48:04'),
(330, 18, '2017-05-04 10:48:04'),
(330, 20, '2017-05-04 10:48:04'),
(330, 21, '2017-05-04 10:48:04'),
(330, 22, '2017-05-04 10:48:04'),
(330, 23, '2017-05-04 10:48:04'),
(330, 27, '2017-05-04 10:48:04'),
(330, 28, '2017-05-04 10:48:04'),
(330, 30, '2017-05-04 10:48:04'),
(330, 31, '2017-05-04 10:48:04'),
(330, 32, '2017-05-04 10:48:04'),
(330, 34, '2017-05-04 10:48:04'),
(330, 38, '2017-05-04 10:48:04'),
(330, 40, '2017-05-04 10:48:04'),
(330, 41, '2017-05-04 10:48:04'),
(330, 42, '2017-05-04 10:48:04'),
(330, 44, '2017-05-04 10:48:04'),
(331, 2, '2017-05-04 10:58:06'),
(331, 38, '2017-05-04 10:58:06'),
(332, 1, '2017-05-04 10:51:40'),
(332, 2, '2017-05-04 10:51:40'),
(332, 7, '2017-05-04 10:51:40'),
(332, 8, '2017-05-04 10:51:40'),
(332, 10, '2017-05-04 10:51:40'),
(332, 13, '2017-05-04 10:51:40'),
(332, 17, '2017-05-04 10:51:40'),
(332, 18, '2017-05-04 10:51:40'),
(332, 20, '2017-05-04 10:51:40'),
(332, 23, '2017-05-04 10:51:40'),
(332, 27, '2017-05-04 10:51:40'),
(332, 28, '2017-05-04 10:51:40'),
(332, 29, '2017-05-04 10:51:40'),
(332, 32, '2017-05-04 10:51:40'),
(332, 34, '2017-05-04 10:51:40'),
(332, 38, '2017-05-04 10:51:40'),
(332, 41, '2017-05-04 10:51:40'),
(332, 42, '2017-05-04 10:51:40'),
(333, 10, '2017-05-04 10:49:17'),
(333, 18, '2017-05-04 10:49:17'),
(334, 0, '2017-05-04 10:55:15'),
(334, 1, '2017-05-04 10:55:15'),
(334, 2, '2017-05-04 10:55:15'),
(334, 6, '2017-05-04 10:55:15'),
(334, 8, '2017-05-04 10:55:15'),
(334, 9, '2017-05-04 10:55:15'),
(334, 10, '2017-05-04 10:55:15'),
(334, 17, '2017-05-04 10:55:15'),
(334, 19, '2017-05-04 10:55:15'),
(334, 22, '2017-05-04 10:55:15'),
(334, 30, '2017-05-04 10:55:15'),
(334, 31, '2017-05-04 10:55:15'),
(334, 34, '2017-05-04 10:55:15'),
(334, 37, '2017-05-04 10:55:15'),
(334, 40, '2017-05-04 10:55:15'),
(334, 44, '2017-05-04 10:55:15'),
(336, 9, '2017-05-04 10:55:51'),
(336, 26, '2017-05-04 10:55:51'),
(336, 27, '2017-05-04 10:55:51'),
(339, 15, '2017-05-04 13:23:47'),
(339, 31, '2017-05-04 13:23:47'),
(339, 34, '2017-05-04 13:23:47'),
(338, 0, '2017-05-04 13:24:01'),
(338, 4, '2017-05-04 13:24:01'),
(338, 29, '2017-05-04 13:24:01'),
(342, 0, '2017-05-04 13:26:20'),
(342, 1, '2017-05-04 13:26:20'),
(342, 2, '2017-05-04 13:26:20'),
(342, 3, '2017-05-04 13:26:20'),
(342, 4, '2017-05-04 13:26:20'),
(342, 10, '2017-05-04 13:26:20'),
(342, 11, '2017-05-04 13:26:20'),
(342, 13, '2017-05-04 13:26:20'),
(342, 19, '2017-05-04 13:26:20'),
(342, 20, '2017-05-04 13:26:20'),
(342, 21, '2017-05-04 13:26:20'),
(342, 22, '2017-05-04 13:26:20'),
(342, 27, '2017-05-04 13:26:20'),
(342, 28, '2017-05-04 13:26:20'),
(342, 29, '2017-05-04 13:26:20'),
(342, 30, '2017-05-04 13:26:20'),
(342, 31, '2017-05-04 13:26:20'),
(342, 35, '2017-05-04 13:26:20'),
(342, 37, '2017-05-04 13:26:20'),
(342, 38, '2017-05-04 13:26:20'),
(342, 40, '2017-05-04 13:26:20'),
(342, 42, '2017-05-04 13:26:20'),
(342, 43, '2017-05-04 13:26:20'),
(341, 12, '2017-05-04 13:27:01'),
(341, 17, '2017-05-04 13:27:01'),
(341, 19, '2017-05-04 13:27:01'),
(341, 23, '2017-05-04 13:27:01'),
(341, 27, '2017-05-04 13:27:01'),
(341, 31, '2017-05-04 13:27:01'),
(341, 35, '2017-05-04 13:27:01'),
(341, 37, '2017-05-04 13:27:01'),
(341, 43, '2017-05-04 13:27:01'),
(343, 38, '2017-05-04 15:27:13'),
(344, 4, '2017-05-04 15:37:43'),
(344, 6, '2017-05-04 15:37:43'),
(344, 7, '2017-05-04 15:37:43'),
(344, 13, '2017-05-04 15:37:43'),
(344, 17, '2017-05-04 15:37:43'),
(344, 19, '2017-05-04 15:37:43'),
(344, 20, '2017-05-04 15:37:43'),
(344, 23, '2017-05-04 15:37:43'),
(344, 29, '2017-05-04 15:37:43'),
(344, 32, '2017-05-04 15:37:43'),
(344, 34, '2017-05-04 15:37:43'),
(344, 37, '2017-05-04 15:37:43'),
(344, 40, '2017-05-04 15:37:43'),
(344, 44, '2017-05-04 15:37:43'),
(345, 6, '2017-05-04 15:37:51'),
(346, 1, '2017-05-04 15:40:33'),
(346, 2, '2017-05-04 15:40:33'),
(346, 3, '2017-05-04 15:40:33'),
(346, 8, '2017-05-04 15:40:33'),
(346, 9, '2017-05-04 15:40:33'),
(346, 10, '2017-05-04 15:40:33'),
(346, 13, '2017-05-04 15:40:33'),
(346, 15, '2017-05-04 15:40:33'),
(346, 16, '2017-05-04 15:40:33'),
(346, 19, '2017-05-04 15:40:33'),
(346, 20, '2017-05-04 15:40:33'),
(346, 21, '2017-05-04 15:40:33'),
(346, 23, '2017-05-04 15:40:33'),
(346, 26, '2017-05-04 15:40:33'),
(346, 28, '2017-05-04 15:40:33'),
(346, 38, '2017-05-04 15:40:33'),
(347, 1, '2017-05-04 15:43:24'),
(347, 3, '2017-05-04 15:43:24'),
(347, 5, '2017-05-04 15:43:24'),
(347, 6, '2017-05-04 15:43:24'),
(347, 10, '2017-05-04 15:43:24'),
(347, 11, '2017-05-04 15:43:24'),
(347, 12, '2017-05-04 15:43:24'),
(347, 16, '2017-05-04 15:43:24'),
(347, 17, '2017-05-04 15:43:24'),
(347, 18, '2017-05-04 15:43:24'),
(347, 24, '2017-05-04 15:43:24'),
(347, 25, '2017-05-04 15:43:24'),
(347, 26, '2017-05-04 15:43:24'),
(347, 27, '2017-05-04 15:43:24'),
(347, 28, '2017-05-04 15:43:24'),
(347, 33, '2017-05-04 15:43:24'),
(347, 36, '2017-05-04 15:43:24'),
(347, 38, '2017-05-04 15:43:24'),
(347, 39, '2017-05-04 15:43:24'),
(347, 44, '2017-05-04 15:43:24'),
(348, 0, '2017-05-04 15:45:50'),
(348, 1, '2017-05-04 15:45:50'),
(348, 4, '2017-05-04 15:45:50'),
(348, 6, '2017-05-04 15:45:50'),
(348, 10, '2017-05-04 15:45:50'),
(348, 12, '2017-05-04 15:45:50'),
(348, 14, '2017-05-04 15:45:50'),
(348, 16, '2017-05-04 15:45:50'),
(348, 18, '2017-05-04 15:45:50'),
(348, 20, '2017-05-04 15:45:50'),
(348, 21, '2017-05-04 15:45:50'),
(348, 24, '2017-05-04 15:45:50'),
(348, 25, '2017-05-04 15:45:50'),
(348, 27, '2017-05-04 15:45:50'),
(348, 28, '2017-05-04 15:45:50'),
(348, 31, '2017-05-04 15:45:50'),
(348, 33, '2017-05-04 15:45:50'),
(348, 38, '2017-05-04 15:45:50'),
(348, 42, '2017-05-04 15:45:50'),
(349, 0, '2017-05-04 17:02:07'),
(349, 1, '2017-05-04 17:02:07'),
(349, 3, '2017-05-04 17:02:07'),
(349, 4, '2017-05-04 17:02:07'),
(349, 7, '2017-05-04 17:02:07'),
(349, 13, '2017-05-04 17:02:07'),
(349, 18, '2017-05-04 17:02:07'),
(349, 25, '2017-05-04 17:02:07'),
(349, 37, '2017-05-04 17:02:07'),
(349, 38, '2017-05-04 17:02:07'),
(349, 41, '2017-05-04 17:02:07'),
(352, 1, '2017-05-04 22:51:57'),
(352, 2, '2017-05-04 22:51:57'),
(352, 6, '2017-05-04 22:51:57'),
(352, 8, '2017-05-04 22:51:57'),
(352, 16, '2017-05-04 22:51:57'),
(352, 31, '2017-05-04 22:51:57'),
(352, 32, '2017-05-04 22:51:57'),
(352, 34, '2017-05-04 22:51:57'),
(353, 2, '2017-05-04 23:52:06'),
(353, 8, '2017-05-04 23:52:06'),
(353, 10, '2017-05-04 23:52:06'),
(353, 11, '2017-05-04 23:52:06'),
(353, 16, '2017-05-04 23:52:06'),
(353, 31, '2017-05-04 23:52:06'),
(353, 34, '2017-05-04 23:52:06'),
(353, 37, '2017-05-04 23:52:06'),
(353, 44, '2017-05-04 23:52:06'),
(354, 1, '2017-05-05 00:03:09'),
(354, 3, '2017-05-05 00:03:09'),
(354, 8, '2017-05-05 00:03:09'),
(354, 9, '2017-05-05 00:03:09'),
(354, 11, '2017-05-05 00:03:09'),
(354, 13, '2017-05-05 00:03:09'),
(354, 14, '2017-05-05 00:03:09'),
(354, 15, '2017-05-05 00:03:09'),
(354, 16, '2017-05-05 00:03:09'),
(354, 17, '2017-05-05 00:03:09'),
(354, 18, '2017-05-05 00:03:09'),
(354, 20, '2017-05-05 00:03:09'),
(354, 23, '2017-05-05 00:03:09'),
(354, 26, '2017-05-05 00:03:09'),
(354, 27, '2017-05-05 00:03:09'),
(354, 28, '2017-05-05 00:03:09'),
(354, 29, '2017-05-05 00:03:09'),
(354, 30, '2017-05-05 00:03:09'),
(354, 33, '2017-05-05 00:03:09'),
(354, 38, '2017-05-05 00:03:09'),
(354, 40, '2017-05-05 00:03:09'),
(354, 41, '2017-05-05 00:03:09'),
(354, 42, '2017-05-05 00:03:09'),
(355, 17, '2017-05-05 16:28:49'),
(355, 20, '2017-05-05 16:28:49'),
(355, 21, '2017-05-05 16:28:49'),
(355, 22, '2017-05-05 16:28:49'),
(355, 27, '2017-05-05 16:28:49'),
(355, 28, '2017-05-05 16:28:49'),
(355, 30, '2017-05-05 16:28:49'),
(355, 35, '2017-05-05 16:28:49'),
(355, 40, '2017-05-05 16:28:49'),
(355, 42, '2017-05-05 16:28:49'),
(355, 43, '2017-05-05 16:28:49'),
(355, 44, '2017-05-05 16:28:49'),
(356, 8, '2017-05-06 10:34:25'),
(357, 0, '2017-05-06 22:33:28'),
(357, 1, '2017-05-06 22:33:28'),
(357, 2, '2017-05-06 22:33:28'),
(357, 4, '2017-05-06 22:33:28'),
(357, 6, '2017-05-06 22:33:28'),
(357, 7, '2017-05-06 22:33:28'),
(357, 12, '2017-05-06 22:33:28'),
(357, 15, '2017-05-06 22:33:28'),
(357, 16, '2017-05-06 22:33:28');

-- --------------------------------------------------------

--
-- Table structure for table `scripts`
--

CREATE TABLE IF NOT EXISTS `scripts` (
  `id` int(11) NOT NULL AUTO_INCREMENT,
  `bg_name` text NOT NULL,
  `en_name` text NOT NULL,
  `label` text NOT NULL,
  `bg_desc` text NOT NULL,
  `en_desc` text NOT NULL,
  PRIMARY KEY (`id`)
) ENGINE=InnoDB  DEFAULT CHARSET=utf8 AUTO_INCREMENT=6 ;

--
-- Dumping data for table `scripts`
--

INSERT INTO `scripts` (`id`, `bg_name`, `en_name`, `label`, `bg_desc`, `en_desc`) VALUES
(0, 'Благоденстващи пориви', 'Affluent strivings', 'Affl', 'Тези пориви са основата за развитие на чувства на благосъстояние и самоувереност. От това ядро, което унаследяваме генетично, се развиват основните положителни „семейства” от емоции: облекчение-наслада, щастие-веселие, привличане-любов и интерес-вълнение. Между тях може да възникне сериозен конфликт и затова те не се възприемат еднозначно от всички хора. Някои култури определят като важни само една част от тях. Други ги комбинират, за да подсилват ефекта им в краткосрочен или дългосрочен план. Подтикват човек да оползотворява страстта, с които се впуска и търси новото, копнежът, който влага, когато изследва и иска да постигне промяна или създава сцени с естетическо значение – да прегърнеш, да утешиш или изпиташ близостта с другите. Сами по себе си тези чувства възнаграждават и изпълват с качество живота ни - въодушевлението, блаженството, насладата и любовта. Ако делът им в живота ни е твърде малък, това е жалко. Ако е твърде голям – това е истински късмет. Множеството от нас живеем някъде по средата.', 'The very basic and inherited life scripts have the major positive emotional families: relief-delight, happiness-mirth, affection-love and interest-excitement. They may come into serious conflict with each other and that’s why they did not sometimes be defined as affluent by all people, because of their salient and specific role in particular human life. They could lead to repetitive, sedative or addictive  life experiences too, especially considering what would be their pragmatic value in short-term or long-term perspective concerns how situation is managed or handled and the rewarding risk of running into and searching for novelty and exploring the unknown with passion and longing. Some of these affects produce scenes which are basically aesthetic in their nature - to embrace, comfort or affiliate each other, rewarding in and of themselves by their quality as in exult, bliss, delight or love. If the share taken-up is small percentage, it is pity. If the share is large, it is luck. Most of us fall somewhere in between.'),
(1, 'Изясняващи пориви', 'Clarification strivings', 'Clar', 'Вродени предписания, които задействат първичен ориентационен рефлекс, който изчиства умствения поток, разрушава или дезорганизира действащите мисловни цикли. Ядрото на емоционалния отговор са типични срещащите се при всички хора реакции на „изненада-смайване”. Някои хора обичат да бъдат изненадвани, други не. Затова реакцията на „изненада-смайване” е състояние, което никой не очаква, нито преднамерено желае, нито може да контролира. Този първичен сценарий въпреки това има отчасти положителен смисъл сам по себе си и служи за пренастройка на съзнанието. Има привкус на наложителност, спешност със специални изисквания, които са двойствени по своето естество. Те имат най-плътната невростимулация, в сравнение с другите пориви. На пръв поглед нямат смисъл или цел и в самия момент на настъпването им закотвят ума или му пречат да предприема каквото и да е до отминаването му. Последствията могат да бъдат противоположни на обичайната умствена работа заради високата невронна стимулация.', 'The very basic and inherited life scripts, which point that mind had been cleared, mental circuit is broken and reset or disorganized at the moment of activation of emotional family `surprise-astound` which is a essential response and the very core of these scripts. Some people like to be surprised, some people don’t. Because of this, surprise-astound scenes and states are neither expected, nor wanted, nor controlled. These scripts nevertheless have positive meaning their selves and serve to orient or reorganize conscious experience. This kind of emotional scripts has the clear characteristics of an emergency call with special announcement, which could be both pleasant and unpleasant in its nature. At a first look this scripts has no purposeful meaning and momentary render the mind into incapability to continue or initiate anything for the duration of this script. The consequences are antagonistic to the normal mental functioning due to the highest neuron-firing activity.'),
(2, 'Противоотровни пориви', 'Antitoxic strivings ', 'Anti', 'Първични емоционални реакции които са израз на две вродени биологични програми – бягство или противопоставяне, задействани от „страх-ужас” и „гняв-презрение”, особено ако са много силни. Появата им означава, че нещо се влошава, че човек е изправен пред непоносимо наказание, което нито може да се отмени, намали, избегне или да се унищожи. Тези чувства не са обичайни за живота на всеки и няма начин да не натровят вътрешния климат на човек, който ги изпитва, защото са трудни за преодоляване, болезнени или застрашават самия живот. Всеки е добре да се оттърси колкото се може по-скоро от веригата на последствията, която не води до нещо добро в дългосрочен план. Ако някой изпадне в ярост, умствените възможности за справяне намаляват, особено ако са взаимни. Взаимността, независимо дали между индивиди или групи, трябва да се разбира като знак, че е необходимо негативите да се превърнат в позитиви, или да се отвърне със същото – например ако някой е системно наплашван, той ще се опита да наплаши, нарани, обърка или унижи другите.', 'The very basic and inherited life scripts which are mapped quite well onto emotional families of `fear-terror` and `annoyance-anger` affects and responses to this affective core, especially when they are strong and intense. Appearance of these scripts means that something is going from bad to worse when dealing with scenes of intolerable punishment, which must be eliminated, attenuated, escaped or avoided, or somehow destroyed. They are not somebody’s normal feelings lot in life and there is no way it cannot be toxic, because it is very difficult to deal with, too painful or life threatening sometimes. It is very punishing chain of responses which somebody has to get rid of as soon as possible. The natural intensity is too high than the rate of changing the way of coping with and does not lend itself to fine, long term use. If somebody gets into deep rage, total resources are not always at command, especially in muted toxic feelings, nevertheless how hot they are they do not fit to human conditions. When toxic feelings are muted, the individual, or group, attempts to reverse the sign of the affect by changing negative to positive, or by reversing the casting via recasting, i.e. if somebody is terrorized, would attempt to terrorize the other or humiliate, or make others suffer, or disorient when a try to minimize the toxic emotions and moods have been failed.)'),
(3, 'Ограничаващи пориви', 'Limitation-remediation strivings', 'Limi', 'Ограничаващите и търсещите подобрение житейски пориви се проявяват, когато е задействано тяхното емоционално ядро, което се състои от импулсите на наследствената биологична двойка „тъга-терзание”. Тези предписания увеличават емоционалната реакция при такива обстоятелства, които показват, че живота протича не според очакванията, но трябва да бъдат приети и посрещнати такива, каквито са. При тези пориви има значение на упражнен отвън натиск и изискват понякога човек да се предаде пред принудата на обстоятелствата, да се примири според възможностите си и да приеме органиченията и несъвършенствата на живота. Появява се естествена нужда човек да потърси разрешение или да се приспособи по един или друг начин към загубите. Тези пориви са дългосрочно ориентирани, отдалечават човека от промяната, намаляват вероятността нещо ново да настъпи и го задържат в един обичаен повтарящ се цикъл, във вътрешен кръговрат, стимулират докато не се справи или превърне отрицателните житейски сцени в положителни. Изправят лице в лице със сериозни проблеми, които се преодоляват трудно, които изискват и налагат търсенето на лек или подходящата рецепта, независимо, че това може да стане с различна степен на успех. Настоятелно подчертават, че житейските проблеми могат да се подобрят и подтикват към размисъл, без да се плаща толкова висока физиологична цена или без да се намалява вероятността човек да се измъкне от порочния кръг на проблемите, пред който е изправен. Те задействат полезното за човек предчувствие за предстоящи беди и изискват да се заплати поносима физическа или биологична цена – да плаче, скърби, да оплаква начина си на живот дори.', 'The core of these very basic and inherited life scripts is `anguish-sadness` emotional family. These scripts magnify those aspects of life which are less than ideal, but which must be and can be confronted. These scripts are enforcing and insist commitment to the level of resignation sometimes. Resign to be as good as someone knows how to be and to face the limitations and imperfections of life. It needs to resolve and to adapt in some way or another with low intellectual concerns, dealing with permanent, serious problems, which, however, demand and lend themselves to find a proper remedy or adequate solution. Sadness-anguish scripts have the very fine property of motivating somebody in negative scenes, but is not so punishing if somebody cannot utilize all of the available recourses to cope with in long-term bad situations. This affective influence of the scripts demands that life issues can be improved without too great a physiological cost or too great a probability of running away from deadlock of many problems that confronts and that would permit anticipation of trouble at an optimal psychic and biological cost – cry, mourn, weep. These scripts are long-term motivators, requiring no novelty to happen and to keep the individual in routine perpetual bind, into a mind loop, to deal with or to transform negative scenes into positive with varying degree of success.'),
(4, 'Очистващи пориви', 'Decontamination strivings', 'Deco', 'Ядрото на тези първични житейски изживявания е емоционалната двойка „отвращение-скука”, което, задействано, най-общо означава, че нещо отблъскващо и нечисто е станало част от живота, че настъпва някакво отслабване на интереса – нещо е било добро на пръв поглед, но когато е вкусено или изживяно, предизвиква отхвърляне, желание човек да се оттърве от него, дори в преносен или морален смисъл. Може да е било добро преди или може би винаги да е било лошо, но е разпознато не като ограничение, а като замърсяване, от което трябва да се пречисти. Емоционалният отговор показва двойнствеността на желанията или реакциите, особено когато се налага да отреагираш наужким, че нещо е било добро или е било прието за такова, но се е омърсило, например някой споделя любовта си с другиго и в същото време изпитват отвращение един към друг, чувство, което ги раздалечава отново и отново докато не отминат противоречията или многосмислието на сцените в техните взаимоотношения и не настъпи пълно оттърсване от тези смесени чувства.', 'The core of these very basic and inherited life scripts which is emotional family of `boredom-disgust`. It generally means that some impurity is introduced into life, disenchantment is in process – something was good at first look, but when it was tasted or experienced, it turns out, rejected or get rid of it, even in metaphorical use. It may have been good before or it may always been bad, but is recognized as not a permanent limitation, but a contamination, somehow to be purified. The response illustrates a kind of ambiguity of wishes or reactions especially when someone react “as if” something is good or once had been or were thought to be good, but becomes contaminated, i.e. somebody could share love with someone else and in the same time a disgust with each other, and this could tore each other apart again and again until ambivalent or polivalent scenes stop to resist completely and reach partial or even full decontamination from these mixed feelings.'),
(5, 'Възстановяващи пориви', 'Damage-reparation strivings', 'Repa', 'Възстановяващите и овъзмездяващите пориви са донякъде вродени в темперамента, но също толкова и морално обусловени от начина на живот. Те подсказват, че настъпва внезапна промяна в обстоятелствата или нещо е увредено и трябва да се оправи. Като цяло са оптимистични и се оформят около ядрото на двойката „неудобство-срам”. Предполага се, че живота трябва да е изпълнен с красота, наслада, интересни събития, вълнуващи изживявания, но този образ за живота понякога се нарушава и трябва да се възстанови. Предизвикат се, когато нещо пречи да се изразят чувствата, но целта им е да обвържат щетата с това, какво е важно да се направи. Подтикват, в положителен смисъл, към това по-скоро човек да приеме временно унижението, да се възпре да прави нещо, да признае или възстанови без заобиколки или да се опита да си възвърне отново доброто положение на нещата като си плати подходяща цена за това, отколкото да се крие, да отмъщава, да омаловажава или да отхвърля като цяло възможностите за реабилитиране.', 'These very basic and inherited life scripts determine life scenes in such way, that produce emotional response suddenly changed from affluence to something damaged, which could be repaired. This is optimistic kind of script in the dominion of shame-embarrassment. It assumes that life could be beautiful, delightful, interesting, exciting, affluent, but sometimes it was damaged and could be recovered. It can be triggered by any perceived impediment to either affect, also affluent and purpose is to maintain the damaged bend with something or someone important. Can be positively oriented to abase, to stop somebody from doing something, to restore or attempt to reach the good scene again, rather than to hide or to avenge, or to reject, but directly or by paying an appropriate price to be reinstated by minimize and escaping so called bad scenes in idealized meaning or contamination of good and bad in one scene.');

-- --------------------------------------------------------

--
-- Table structure for table `statements`
--

CREATE TABLE IF NOT EXISTS `statements` (
  `id` int(11) NOT NULL AUTO_INCREMENT,
  `bg_name` text NOT NULL,
  `axis_id` int(11) NOT NULL,
  `en_name` text NOT NULL,
  PRIMARY KEY (`id`)
) ENGINE=MyISAM  DEFAULT CHARSET=utf8 AUTO_INCREMENT=490 ;

--
-- Dumping data for table `statements`
--

INSERT INTO `statements` (`id`, `bg_name`, `axis_id`, `en_name`) VALUES
(0, 'Обикновено малките несъгласия с близки приятели или със семейството ми - по-скоро от типа на `Сега е твой ред да измиеш чиниите`, отколкото `Защо ме излъга?!`, не могат да ме разстроят или да ме изкарат от равновесие за часове или дни наред.', 0, 'If I have a minor disagreement with a close friend or spouse—closer to `No, it’s your turn to do the dishes` than `You cheated on me?!` — it never leaves me out of sorts for hours or longer.'),
(1, 'Когато имам покана да се срещна с непознати хора, чакам срещата с нетърпение и си мисля по-скоро дали ще станем приятели, отколкото да си мисля за това като за нещо досадно и че не си струва да се опознавам с тях.', 1, 'When I am invited to meet new people, I look forward to it, thinking they might become my friends, rather than seeing it as a chore, figuring these people will never be worth knowing.'),
(2, 'Когато разговарям с хора, често забелязвам едва доловими жестове и сигнали, които издават емоциите им - на неразположение или раздразнение например - доста преди те да са разбрали как се чувстват и защо.', 2, 'When I’m talking with people, I often notice subtle social cues about their emotions—discomfort, say, or anger—before they acknowledge those feelings in themselves.'),
(3, 'Много рядко ми се случва да отрека, когато хора ми кажат, че виждат как се ядосвам или натъжавам за нещо.', 3, 'Very rarely, when someone asks me why I am so angry or sad, I respond (or think to myself), “But I’m not!”'),
(4, 'Хора, които ме познават добре, ми казват, че притежавам необичаен усет за чувствата на другите хора.', 4, 'I have been told by someone close to me that I am unusually sensitive to other people’s feelings.'),
(5, 'Мога да се концентрирам дори, когато около мен е много шумно.', 5, 'I can concentrate in a noisy environment.'),
(6, 'Ако някой човек се възползва да ме изпревари докато чакаме на опашка, по-скоро въобще не се тормозя от това, отколкото да се ядосвам дълго време.', 0, 'If another driver uses the shoulder to zoom up to the front of a long line of traffic waiting to\nmerge, I am likely to shake it off easily rather than fume about it for a long time.'),
(7, 'Когато давам оценка на хора, аз насочвам вниманието върху положителните им страни, отколкото върху подробностите, които е необходимо да поправят или да подобрят.', 1, 'When evaluating a coworker, I focus on his positive overall performance rather than on details about which areas he needs to improve.'),
(8, 'Често ми правят впечатление подробности от изражението на лицата, положението на тялото и жестовете на хората.', 2, 'I often find myself noting facial expressions and body language.'),
(9, 'Когато мои близки ме попитат защо се отнасям грубо или невнимателно с тях, си давам сметка за това и признавам какво ме е накарало да се държа така.', 3, 'When those closest to me ask why I treated someone brusquely or meanly, I never disagree that I did such thing.'),
(10, 'Рядко ми казват, че поведението ми не е в тон с очакванията на другите и от това ми става приятно.', 4, 'I have occasionally been told that I behaved in a socially appropriate way, which pleased me very much.'),
(11, 'Никога не губя ориентация в ситуации, при които трафикът от коли, шумът на тълпата или глъчката на партито са толкова силни, че могат да притеснят и объркат други хора.', 5, 'When I am in a situation in which a lot is going on and there is a great deal of sensory stimulation, such as at a party or in a crowd at an airport, I can keep myself from getting lost in a train of thought about any particular thing I see.'),
(12, 'Ако ми се случи да изпитам дълбока скръб поради смърт на близък или обичан от мен човек, това не би ме съкрушило и извадило от релси.', 0, 'When I have experienced profound grief, such as the death of someone close to me, it has interfered with my ability to function not for long time.'),
(13, 'Вярвам, че следващите десет години ще са по-добри, отколкото предишните десет.', 1, 'I believe the next ten years will be better for me than the last ten.'),
(14, 'Смятам, че е от изключително значение да виждам на живо хората или да чувам интонацията на гласовете им докато разговарям с тях, защото това е важен източник на допълнителна информация. ', 2, 'I find it does really matter if I talk with people on the phone or in person, because I get additional information from seeing or listening whom I’m speaking with.'),
(15, 'Винаги си давам сметка какво се случва и на какво се дължи, ако сърцето ми ускори пулс или започне да бие учестено.', 3, 'I find that when my heart is racing or my pulse is pounding I could have idea why this is happening to me.'),
(16, 'Никога не ми се е случвало да създавам неприятности на хората около мен или да се скарам фатално с приятели, защото обикновено се отнасям много внимателно към хората с положение или ме е грижа близките ми да не се разтройват.', 4, 'I have almost never suffered a setback at work or had a falling-out with a friend because I was polite enough with a superior or concern when a good friend was distraught.'),
(17, 'Когато реша да се съсредоточа върху някаква задача, почти нищо не може да ми отклони вниманието.', 5, 'If I decide to focus my attention on a particular task, I find that I am mostly able to keep it there.'),
(18, 'Ако допусна някаква грешка и получа критика за това, обикновено го възприемам като опит, от който мога науча нещо полезно.', 0, 'If I make a mistake and get reprimanded for it, I can shrug it off and take it as a learning experience.'),
(19, 'Ако се наложи да се преместя в нов град, това за мен ще е ново и вълнуващо изживяване.', 1, 'Faced with the possibility of moving to a new city, I regard it as an exciting step into the novelty.'),
(20, 'Оставам с впечатление, че зная много повече за чувствата на хората, отколкото те биха могли да предполагат за себе си.', 2, 'I often feel as though I know more about people’s true feelings than they do themselves.'),
(21, 'Когато наблюдавам човек да изпитва болка, аз също започвам да я изпитвам без значение дали е физическа или душевна.', 3, 'When I observe someone in pain, I feel the pain myself both emotionally and physically.'),
(22, 'Когато говоря с непознати хора, те не се отдръпват, а напротив - започваме да си допадаме взаимно.', 4, 'When I speak with people, they never move back to increase the distance between us.'),
(23, 'Ако съм вкъщи и се опитвам да работя, шума от телевизора, звука на радио или хората около мен не могат да ме разсеят.', 5, 'If I am at home and trying to work, the noises of a television or other people do not distract me.'),
(24, 'Ако храната не ми допадне или обслужването в ресторант е отблъскващо, това няма как да ми съсипе насторението за цялата вечер.', 0, 'If I try a new restaurant and find that the food is awful and the service snooty, it will not ruin my whole evening.'),
(25, 'Случи ли ми се нещо малко, но неочаквано и положително още от сутринта - например, да проведа един приятен разговор с непознат - настроението може да ме зареди за цял ден.', 1, 'When something small but unexpected and positive happens to me in the morning—for example, having a great conversation with a stranger—the positive mood may last long time.'),
(26, 'Винаги разбирам защо другите се разстройват или ядосват, след като кажа нещо докато водим разговор.', 2, 'I am often know the apparent reason when someone I’m talking with gets angry or upset at something I said.'),
(27, 'Обикновено знам как се чувствам и мога да обясня подробно с думи защо.', 3, 'I am usually sure enough about how I am feeling that I can put my emotions into words.'),
(28, 'Често чувствам, че се спирам, когато искам да кажа нещо, но знам, че е неподходящо (напр. да отговоря на въпрос от сорта: "Скъпи, изглеждам ли дебела в тези джинси?") ', 4, 'I often find myself censoring what I was about to say because I''ve sensed something in the situation that would make it inappropriate (e.g., before I respond to, “Honey, do these jeans make me look fat?”).'),
(29, 'Когато поседя тихо и спокойно известно време, умът ми може да се освободи от целия поток от идеи, без да препуска от мисъл на мисъл.', 5, 'I find that if I sit quietly for even a few moments, my mind can stay clear never rushed by flood of ideas or following multiple strands of thought.'),
(30, 'Ако заседна в трафик заради катастрофа, когато подмина мястото на инцидента обикновено ми олеква от напрежението.', 0, 'If I’m stuck in traffic because of an accident up ahead, when I pass the bottleneck I typically floor it to vent my frustration.'),
(31, 'Когато съм на парти и си прекарвам хубаво с другите около мен, нищо не може да ми развали насторението до края.', 1, 'When I go to a party and I’m having a good time at the outset, the positive feeling tends to last for the entire evening.'),
(32, 'Когато заемаме местата си в ресторант предпочитам да сядам срещу човека отсреща, за да виждам лицето и израженията докато си говорим.', 2, 'At a restaurant, I prefer to sit in front of someone I’m speaking with so I have to see his or her full face.'),
(33, 'Понякога усещам болки и схващания и обикновено знам източника им.', 3, 'I sometimes notice aches and pains and I know exactly where they came from.'),
(34, 'Когато съм на публично  място, като ресторант например, внимавам колко силно говоря и коригирам силата на гласа ми.', 4, 'When I am in a public setting like a restaurant, I am especially aware of modulating how loudly I speak.'),
(35, 'Ако нещо изненадващо ми се случи и ме разсее, мога веднага да си върна съсредоточението върху това, което правя.', 5, 'If I am distracted by some unexpected event, I can refocus my attention on what I had been doing.'),
(36, 'Ако спре топлата вода заради авария, просто изчаквам докато повредата бъде отстранена, без това да ми влияе особено на настроението. ', 0, 'If my home’s water heater breaks, it does not affect my mood very much, becouse I know I can just call a plumber and get it fixed.'),
(37, 'Красиви сцени от живота като един незабравим залез например остават ярък спомен, който ме изпълва с дълбока радост и възхита.', 1, 'I find that beautiful scenes such as a gorgeous sunset slowly wear off and I get rejoiced deeply.'),
(38, 'Често долавям интуитивно и реагирам на неразположението или страданието на другите дори без изобщо да сме обсъждали естеството на проблема.', 2, 'I often find myself responding to another person’s discomfort or distress on the basis of an intuitive feel rather than an explicit discussion.'),
(39, 'Обичам да прекарвам част от времето ми в тишина и спокойствие просто чувствайки какво се случва в мен.', 3, 'I like to spend time being quiet and relaxed, just feeling what is going on inside me.'),
(40, 'Имам усет кога е нужно да не ми се напомня, че когато сме сред много хора, не бива да споменавам имена или да засягам теми, които не са удобни за тях.', 4, 'I have never been reminded when in public to avoid mentioning the names of people who might be around.'),
(41, 'Докато чакам тихо и спокойно на спирка или на опашка, за да минава времето, наблюдавам и забелязвам много неща около мен.', 5, 'During periods of relative quiet, such as when I’m sitting on a train or a bus or waiting in line at a store, I notice a lot of the things around me.'),
(42, 'Ако срещна човек, с когото сме имали интимни отношения и попитам дали бихме могли пак да бъдем заедно, дори и да ми откаже, това не би ме разстроило за дълго, нито би накърнило чувствата ми.', 0, 'If I meet a wonderful man/woman and ask if he/she would like to get together again, being told no will not put me in a bad mood for hours or even days.'),
(43, 'Когато се събудя сутрин, мога да мисля за приятните дейности и планове, които ми предстоят да осъществя и това поддържа доброто ми настроение през целия ден. ', 1, 'When I wake up in the morning I can think of a pleasant activity that I''ve planned, and the thought puts me in a good mood that lasts the entire day.'),
(44, 'Обичам да наблюдавам хората около мен, когато съм на обществено място и имам достатъчно време за губене.', 2, 'When I am in public places with time to kill, I like to observe people around me.'),
(45, 'Чувствам се добре в тялото си и ми е приятно да се грижа за себе си. ', 3, 'I believe I very much inhabit my body and feel at home and comfortable with my body.'),
(46, 'Знам къде се намирам и се ориентирам добре, дори и да са места, покрай които минавам рядко.', 4, 'I am almost always aware of whether I have been someplace before, even if it is a highway that I last drove many years ago.'),
(47, 'Когато някоя дейност, която зависи само от мен, изисква пълна ми концентрация, мога да се фокусирам върху нея, независимо от многото шум около мен.', 5, 'When an important solo project requires my full and focused attention, I can work despite the nose around me.'),
(48, 'Лесно превъзмогвам случаи, при които някоя престижна награда или повишение, за която знам, че имам пълното право да получа, е дадена на някого другиго.', 0, 'I can usually move on quickly if I am being considered for an important professional award or promotion and it goes to someone I consider less qualified.'),
(49, 'Когато посетя някоя изложба, концерт или музей, събитието ми доставя удоволствие от начало до самия край.', 1, 'When I go to a museum or attend a concert, it is really enjoyable all from the beginning until to the very end.'),
(50, 'Чувствам се комфортно независимо дали събеседникът е някой непознат човек и ме гледа право в очите по време на разговор.', 2, 'I find it comfortable when someone I barely know looks directly into my eyes during a conversation.'),
(51, 'Отделям внимание и за мен е важно да знам какво чувствам и какво става в тялото ми.', 3, 'I do pay attention at my subjective feelings and take note of what’s happening in my body.'),
(52, 'Прави ми впечатление, когато хората се държат по начин, който се смята за неподходящ, например да се държат твърде свободно и лекомислено.', 4, 'I notice when someone is acting in a way that seems out of place, such as behaving too casually at work.'),
(53, 'Дори и нещо случайно да ми отклони вниманието, не представлява особено усилие отново да се откъсна и съсредоточа, върху това, което правя.', 5, 'Even my attention tends to get captured by stimuli and events in the environment, it is not difficult for me to disengage once this happens.'),
(54, 'На парти, ако разговарям с интересни, но непознати хора и ми зададат щекотлив въпрос от лично естество, дори и да се почувствам конфузно заради това, смущението ми отминава много скоро.', 0, 'At a party, if I’m having a conversation with an interesting stranger and get completely tongue-tied when I`m questioned about myself, the feeling been embarrassed fade away soon.'),
(55, 'Дори и да се случи да имам натоварен ден, наситен със събития, това въобще не би ме изморило.', 1, 'I often feel that on busy days I can keep going from one event to the next without getting tired.'),
(56, 'Често ми се случва само като погледна човек, да мога да кажа, че нещо сериозно го тормози или безпокои. ', 2, 'I can often tell when something is bothering another person just by looking at him or her.'),
(57, 'Когато тренирам, чувствам много осезателно как всичко в тялото ми се променя вследствие на физическото натоварване.', 3, 'When I exercise, I am very sensitive to the changes it produces in my body.'),
(58, 'Близките ми коментират колко добри обноски имам с непознати и колко внимателно се държа в нови ситуации.', 4, 'I''ve been told by those close to me that I show good manners with strangers and in new situations.'),
(59, 'Дори и да е препълнено около мен с хора, например на коктейл, парти или в зала, за мен не представлява трудност да поддържам разговор и да следя темата за която се говори.', 5, 'It is easy for me to talk with another person in a crowded situation like a cocktail party or a cubicle in an office; I can tune out others in such an environment even when, with concentration, I can make out what they are saying.');

-- --------------------------------------------------------

--
-- Table structure for table `states_stat`
--

CREATE TABLE IF NOT EXISTS `states_stat` (
  `id` int(11) NOT NULL,
  `state_id` int(11) NOT NULL
) ENGINE=InnoDB DEFAULT CHARSET=utf8;

--
-- Dumping data for table `states_stat`
--

INSERT INTO `states_stat` (`id`, `state_id`) VALUES
(202, 2),
(202, 4),
(202, 5),
(202, 8),
(202, 9),
(202, 11),
(202, 13),
(202, 14),
(202, 15),
(202, 16),
(202, 17),
(202, 18),
(202, 20),
(202, 22),
(202, 23),
(202, 24),
(202, 25),
(202, 28),
(202, 33),
(202, 34),
(202, 37),
(202, 39),
(202, 41),
(202, 42),
(202, 44),
(202, 45),
(202, 46),
(202, 47),
(202, 51),
(202, 52),
(202, 55),
(202, 56),
(202, 58),
(202, 59),
(203, 1),
(203, 3),
(203, 4),
(203, 8),
(203, 14),
(203, 17),
(203, 18),
(203, 19),
(203, 24),
(203, 25),
(203, 26),
(203, 32),
(203, 36),
(203, 38),
(203, 41),
(203, 44),
(203, 46),
(203, 49),
(203, 50),
(203, 54),
(204, 1),
(204, 2),
(204, 4),
(204, 8),
(204, 11),
(204, 14),
(204, 15),
(204, 16),
(204, 19),
(204, 22),
(204, 25),
(204, 26),
(204, 27),
(204, 28),
(204, 29),
(204, 30),
(204, 31),
(204, 32),
(204, 33),
(204, 34),
(204, 37),
(204, 39),
(204, 41),
(204, 42),
(204, 43),
(204, 46),
(204, 47),
(204, 50),
(204, 51),
(204, 54),
(204, 55),
(204, 56),
(204, 57),
(204, 59),
(205, 2),
(205, 3),
(205, 5),
(205, 7),
(205, 12),
(205, 13),
(205, 14),
(205, 17),
(205, 18),
(205, 20),
(205, 21),
(205, 23),
(205, 25),
(205, 29),
(205, 32),
(205, 35),
(205, 36),
(205, 37),
(205, 39),
(205, 43),
(205, 44),
(205, 46),
(205, 47),
(205, 49),
(205, 51),
(206, 2),
(206, 3),
(206, 5),
(206, 7),
(206, 11),
(206, 14),
(206, 16),
(206, 17),
(206, 18),
(206, 19),
(206, 23),
(206, 27),
(206, 28),
(206, 33),
(206, 34),
(206, 35),
(206, 36),
(206, 40),
(206, 41),
(206, 42),
(206, 46),
(206, 49),
(206, 50),
(206, 51),
(206, 52),
(206, 53),
(206, 54),
(206, 56),
(206, 58),
(208, 1),
(208, 2),
(208, 3),
(208, 4),
(208, 5),
(208, 8),
(208, 9),
(208, 10),
(208, 11),
(208, 13),
(208, 14),
(208, 15),
(208, 17),
(208, 18),
(208, 19),
(208, 25),
(208, 26),
(208, 27),
(208, 28),
(208, 29),
(208, 33),
(208, 34),
(208, 35),
(208, 36),
(208, 37),
(208, 38),
(208, 39),
(208, 40),
(208, 41),
(208, 43),
(208, 44),
(208, 46),
(208, 47),
(208, 49),
(208, 51),
(208, 52),
(208, 53),
(208, 54),
(208, 55),
(208, 56),
(208, 57),
(208, 58),
(209, 1),
(209, 8),
(209, 9),
(209, 11),
(209, 13),
(209, 15),
(209, 19),
(209, 25),
(209, 26),
(209, 32),
(209, 33),
(209, 34),
(209, 36),
(209, 37),
(209, 39),
(209, 41),
(209, 43),
(209, 45),
(209, 46),
(209, 49),
(209, 50),
(209, 51),
(209, 52),
(209, 54),
(209, 57),
(210, 1),
(210, 2),
(210, 4),
(210, 5),
(210, 7),
(210, 8),
(210, 9),
(210, 10),
(210, 11),
(210, 13),
(210, 14),
(210, 15),
(210, 16),
(210, 17),
(210, 19),
(210, 20),
(210, 21),
(210, 22),
(210, 25),
(210, 26),
(210, 27),
(210, 28),
(210, 29),
(210, 32),
(210, 33),
(210, 34),
(210, 35),
(210, 37),
(210, 39),
(210, 42),
(210, 43),
(210, 44),
(210, 45),
(210, 46),
(210, 47),
(210, 50),
(210, 51),
(210, 52),
(210, 54),
(210, 55),
(210, 57),
(210, 58),
(210, 59),
(212, 5),
(212, 9),
(212, 13),
(212, 15),
(212, 16),
(212, 17),
(212, 18),
(212, 19),
(212, 20),
(212, 23),
(212, 25),
(212, 35),
(212, 36),
(212, 37),
(212, 39),
(212, 43),
(212, 46),
(212, 47),
(212, 48),
(212, 49),
(212, 52),
(212, 53),
(213, 3),
(213, 5),
(213, 8),
(213, 14),
(213, 17),
(213, 25),
(213, 27),
(213, 36),
(213, 39),
(213, 41),
(213, 44),
(213, 46),
(213, 50),
(216, 14),
(216, 17),
(216, 25),
(216, 41),
(216, 52),
(217, 1),
(217, 7),
(217, 10),
(217, 14),
(217, 15),
(217, 16),
(217, 18),
(217, 19),
(217, 21),
(217, 24),
(217, 27),
(217, 28),
(217, 29),
(217, 32),
(217, 34),
(217, 35),
(217, 36),
(217, 37),
(217, 39),
(217, 40),
(217, 44),
(217, 46),
(217, 47),
(217, 49),
(217, 51),
(217, 52),
(217, 53),
(217, 57),
(217, 58),
(217, 59),
(218, 1),
(218, 5),
(218, 12),
(218, 14),
(218, 15),
(218, 19),
(218, 22),
(218, 23),
(218, 27),
(218, 45),
(218, 47),
(218, 51),
(218, 55),
(220, 1),
(220, 2),
(220, 4),
(220, 5),
(220, 7),
(220, 8),
(220, 11),
(220, 12),
(220, 14),
(220, 18),
(220, 20),
(220, 21),
(220, 22),
(220, 23),
(220, 25),
(220, 26),
(220, 27),
(220, 29),
(220, 30),
(220, 37),
(220, 38),
(220, 40),
(220, 41),
(220, 44),
(220, 45),
(220, 46),
(220, 47),
(220, 48),
(220, 49),
(220, 50),
(220, 51),
(220, 53),
(220, 54),
(220, 56),
(220, 57),
(220, 58),
(220, 59),
(221, 1),
(221, 3),
(221, 4),
(221, 5),
(223, 1),
(223, 3),
(223, 5),
(223, 11),
(223, 12),
(223, 13),
(223, 14),
(223, 15),
(223, 19),
(223, 22),
(223, 23),
(223, 25),
(223, 27),
(223, 32),
(223, 43),
(223, 45),
(223, 46),
(223, 47),
(223, 51),
(223, 52),
(224, 4),
(224, 7),
(224, 8),
(224, 12),
(224, 15),
(224, 20),
(224, 21),
(224, 25),
(224, 26),
(224, 37),
(224, 44),
(225, 25),
(225, 26),
(228, 0),
(228, 1),
(228, 2),
(228, 5),
(228, 6),
(228, 8),
(228, 13),
(228, 14),
(228, 15),
(228, 18),
(228, 20),
(228, 21),
(228, 23),
(228, 24),
(228, 25),
(228, 26),
(228, 27),
(228, 28),
(228, 29),
(228, 31),
(228, 32),
(228, 33),
(228, 36),
(228, 39),
(228, 40),
(228, 41),
(228, 43),
(228, 44),
(228, 45),
(228, 46),
(228, 47),
(228, 49),
(228, 50),
(228, 52),
(228, 53),
(228, 54),
(228, 56),
(228, 57),
(228, 58),
(228, 59),
(229, 0),
(229, 3),
(229, 8),
(229, 9),
(229, 10),
(229, 13),
(229, 14),
(229, 15),
(229, 19),
(229, 22),
(229, 25),
(229, 28),
(229, 32),
(229, 34),
(229, 38),
(229, 40),
(229, 43),
(229, 44),
(229, 46),
(229, 52),
(229, 57),
(229, 59),
(230, 4),
(230, 7),
(230, 8),
(230, 9),
(230, 12),
(230, 14),
(230, 15),
(230, 16),
(230, 20),
(230, 21),
(230, 22),
(230, 25),
(230, 26),
(230, 27),
(230, 30),
(230, 37),
(230, 38),
(230, 39),
(230, 41),
(230, 43),
(230, 53),
(230, 56),
(232, 2),
(232, 7),
(232, 11),
(232, 13),
(232, 14),
(232, 15),
(232, 17),
(232, 18),
(232, 22),
(232, 23),
(232, 25),
(232, 27),
(232, 32),
(232, 34),
(232, 35),
(232, 36),
(232, 37),
(232, 39),
(232, 42),
(232, 43),
(232, 45),
(232, 46),
(232, 48),
(232, 49),
(232, 50),
(232, 51),
(232, 52),
(232, 55),
(233, 0),
(233, 2),
(233, 5),
(233, 7),
(233, 8),
(233, 11),
(233, 14),
(233, 15),
(233, 23),
(233, 24),
(233, 25),
(233, 26),
(233, 27),
(233, 32),
(233, 33),
(233, 34),
(233, 36),
(233, 37),
(233, 38),
(233, 42),
(233, 44),
(233, 45),
(233, 46),
(233, 48),
(233, 51),
(233, 52),
(233, 54),
(234, 1),
(234, 2),
(234, 3),
(234, 4),
(234, 5),
(234, 6),
(234, 7),
(234, 8),
(234, 9),
(234, 10),
(234, 11),
(234, 12),
(234, 13),
(234, 14),
(234, 15),
(234, 17),
(234, 18),
(234, 19),
(234, 20),
(234, 22),
(234, 23),
(234, 25),
(234, 26),
(234, 27),
(234, 29),
(234, 31),
(234, 32),
(234, 33),
(234, 34),
(234, 37),
(234, 38),
(234, 39),
(234, 40),
(234, 41),
(234, 43),
(234, 44),
(234, 45),
(234, 47),
(234, 50),
(234, 51),
(234, 52),
(234, 56),
(234, 59),
(235, 1),
(235, 2),
(235, 4),
(235, 5),
(235, 7),
(235, 8),
(235, 9),
(235, 10),
(235, 12),
(235, 13),
(235, 14),
(235, 15),
(235, 17),
(235, 18),
(235, 20),
(235, 21),
(235, 22),
(235, 23),
(235, 24),
(235, 25),
(235, 26),
(235, 27),
(235, 28),
(235, 29),
(235, 30),
(235, 31),
(235, 32),
(235, 33),
(235, 34),
(235, 35),
(235, 36),
(235, 37),
(235, 38),
(235, 39),
(235, 40),
(235, 41),
(235, 42),
(235, 43),
(235, 44),
(235, 45),
(235, 46),
(235, 47),
(235, 48),
(235, 49),
(235, 50),
(235, 51),
(235, 52),
(235, 53),
(235, 54),
(235, 55),
(235, 56),
(235, 57),
(235, 58),
(235, 59),
(236, 0),
(236, 1),
(236, 2),
(236, 3),
(236, 6),
(236, 7),
(236, 8),
(236, 9),
(236, 10),
(236, 11),
(236, 14),
(236, 15),
(236, 18),
(236, 20),
(236, 21),
(236, 22),
(236, 23),
(236, 24),
(236, 25),
(236, 27),
(236, 30),
(236, 31),
(236, 32),
(236, 33),
(236, 35),
(236, 36),
(236, 37),
(236, 38),
(236, 39),
(236, 40),
(236, 41),
(236, 42),
(236, 43),
(236, 44),
(236, 45),
(236, 46),
(236, 47),
(236, 48),
(236, 50),
(236, 51),
(236, 52),
(236, 53),
(236, 54),
(236, 56),
(236, 57),
(236, 59),
(239, 2),
(239, 7),
(239, 8),
(239, 14),
(239, 18),
(239, 19),
(239, 24),
(239, 31),
(239, 32),
(239, 34),
(239, 35),
(239, 39),
(239, 41),
(239, 42),
(239, 43),
(239, 44),
(239, 49),
(239, 52),
(239, 55),
(239, 56),
(239, 57),
(240, 0),
(240, 1),
(240, 3),
(240, 5),
(240, 6),
(240, 8),
(240, 9),
(240, 11),
(240, 12),
(240, 13),
(240, 14),
(240, 15),
(240, 17),
(240, 18),
(240, 21),
(240, 22),
(240, 23),
(240, 24),
(240, 25),
(240, 26),
(240, 28),
(240, 31),
(240, 32),
(240, 33),
(240, 35),
(240, 38),
(240, 40),
(240, 41),
(240, 42),
(240, 43),
(240, 44),
(240, 45),
(240, 47),
(240, 48),
(240, 49),
(240, 50),
(240, 51),
(240, 53),
(240, 54),
(240, 57),
(240, 59),
(241, 2),
(241, 3),
(241, 6),
(241, 7),
(241, 10),
(241, 11),
(241, 15),
(241, 16),
(241, 18),
(241, 21),
(241, 22),
(241, 25),
(241, 26),
(241, 28),
(241, 32),
(241, 33),
(241, 34),
(241, 35),
(241, 36),
(241, 39),
(241, 40),
(241, 44),
(241, 45),
(241, 46),
(241, 48),
(241, 51),
(241, 52),
(241, 53),
(241, 57),
(242, 0),
(242, 1),
(242, 3),
(242, 5),
(242, 6),
(242, 7),
(242, 8),
(242, 9),
(242, 11),
(242, 12),
(242, 13),
(242, 14),
(242, 18),
(242, 21),
(242, 23),
(242, 24),
(242, 28),
(242, 31),
(242, 32),
(242, 33),
(242, 34),
(242, 36),
(242, 37),
(242, 40),
(242, 41),
(242, 42),
(242, 44),
(242, 45),
(242, 46),
(242, 47),
(242, 49),
(242, 50),
(242, 53),
(242, 54),
(242, 56),
(242, 59),
(244, 0),
(244, 2),
(244, 4),
(244, 5),
(244, 6),
(244, 8),
(244, 9),
(244, 12),
(244, 13),
(244, 14),
(244, 18),
(244, 24),
(244, 25),
(244, 26),
(244, 29),
(244, 32),
(244, 33),
(244, 35),
(244, 37),
(244, 38),
(244, 39),
(244, 40),
(244, 41),
(244, 43),
(244, 44),
(244, 45),
(244, 46),
(244, 47),
(244, 49),
(244, 51),
(244, 52),
(244, 53),
(244, 54),
(244, 56),
(244, 59),
(247, 1),
(247, 2),
(247, 3),
(247, 4),
(247, 6),
(247, 7),
(247, 8),
(247, 12),
(247, 13),
(247, 14),
(247, 16),
(247, 18),
(247, 19),
(247, 20),
(247, 22),
(247, 24),
(247, 26),
(247, 27),
(247, 38),
(247, 41),
(247, 45),
(251, 11),
(251, 15),
(251, 19),
(251, 23),
(251, 27),
(251, 37),
(251, 39),
(251, 40),
(251, 45),
(251, 46),
(251, 47),
(251, 51),
(251, 52),
(255, 0),
(255, 2),
(255, 8),
(263, 5),
(263, 6),
(263, 7),
(263, 8),
(263, 11),
(263, 13),
(263, 14),
(263, 15),
(263, 17),
(263, 21),
(263, 24),
(263, 27),
(263, 30),
(263, 40),
(263, 42),
(263, 43),
(263, 46),
(263, 48),
(263, 50),
(263, 54),
(263, 57),
(263, 59),
(264, 0),
(264, 2),
(264, 3),
(264, 4),
(264, 5),
(264, 6),
(264, 7),
(264, 8),
(264, 9),
(264, 10),
(264, 11),
(264, 13),
(264, 14),
(264, 16),
(264, 17),
(264, 18),
(264, 21),
(264, 22),
(264, 23),
(264, 24),
(264, 25),
(264, 27),
(264, 28),
(264, 29),
(264, 31),
(264, 32),
(264, 33),
(264, 35),
(264, 36),
(264, 37),
(264, 38),
(264, 40),
(264, 42),
(264, 43),
(264, 44),
(264, 45),
(264, 46),
(264, 47),
(264, 48),
(264, 49),
(264, 50),
(264, 51),
(264, 53),
(264, 54),
(264, 55),
(264, 56),
(264, 57),
(264, 59),
(273, 2),
(273, 8),
(273, 9),
(273, 10),
(273, 11),
(273, 13),
(273, 14),
(273, 15),
(273, 16),
(273, 18),
(273, 20),
(273, 21),
(273, 22),
(273, 25),
(273, 28),
(273, 32),
(273, 33),
(273, 34),
(273, 38),
(273, 39),
(273, 45),
(273, 46),
(273, 47),
(273, 48),
(273, 50),
(273, 51),
(273, 52),
(277, 2),
(277, 4),
(277, 8),
(277, 9),
(277, 11),
(277, 13),
(277, 14),
(277, 15),
(277, 21),
(277, 27),
(277, 29),
(277, 32),
(277, 34),
(277, 38),
(277, 39),
(277, 40),
(277, 41),
(277, 44),
(277, 45),
(277, 46),
(277, 48),
(277, 51),
(277, 56),
(277, 57),
(277, 59),
(278, 0),
(278, 2),
(278, 4),
(278, 5),
(278, 7),
(278, 8),
(278, 9),
(278, 12),
(278, 13),
(278, 14),
(278, 17),
(278, 18),
(278, 19),
(278, 20),
(278, 21),
(278, 22),
(278, 24),
(278, 25),
(278, 26),
(278, 30),
(278, 32),
(278, 33),
(278, 34),
(278, 35),
(278, 37),
(278, 38),
(278, 39),
(278, 40),
(278, 43),
(278, 44),
(278, 45),
(278, 47),
(278, 51),
(278, 52),
(278, 54),
(278, 56),
(278, 59),
(279, 0),
(279, 2),
(279, 4),
(279, 5),
(279, 8),
(279, 9),
(279, 12),
(279, 13),
(279, 15),
(279, 16),
(279, 17),
(279, 18),
(279, 19),
(279, 20),
(279, 21),
(279, 22),
(279, 24),
(279, 25),
(279, 26),
(279, 27),
(279, 30),
(279, 32),
(279, 33),
(279, 34),
(279, 35),
(279, 37),
(279, 38),
(279, 39),
(279, 43),
(279, 44),
(279, 45),
(279, 47),
(279, 52),
(279, 53),
(279, 56),
(279, 59),
(281, 1),
(281, 5),
(281, 6),
(281, 7),
(281, 8),
(281, 9),
(281, 11),
(281, 14),
(281, 15),
(281, 17),
(281, 18),
(281, 19),
(281, 21),
(281, 22),
(281, 23),
(281, 24),
(281, 25),
(281, 27),
(281, 34),
(281, 35),
(281, 36),
(281, 37),
(281, 41),
(281, 42),
(281, 46),
(281, 47),
(281, 48),
(281, 50),
(281, 52),
(281, 53),
(281, 56),
(281, 57),
(281, 58),
(281, 59),
(282, 0),
(282, 1),
(282, 2),
(282, 6),
(282, 7),
(282, 8),
(282, 9),
(282, 10),
(282, 11),
(282, 12),
(282, 13),
(282, 16),
(282, 18),
(282, 20),
(282, 21),
(282, 22),
(282, 23),
(282, 24),
(282, 25),
(282, 26),
(282, 29),
(282, 31),
(282, 32),
(282, 35),
(282, 36),
(282, 37),
(282, 38),
(282, 39),
(282, 42),
(282, 44),
(282, 45),
(282, 46),
(282, 48),
(282, 50),
(282, 51),
(282, 52),
(282, 54),
(282, 55),
(282, 56),
(282, 57),
(282, 58),
(282, 59),
(283, 1),
(283, 3),
(283, 5),
(283, 7),
(283, 10),
(283, 12),
(283, 13),
(283, 14),
(283, 16),
(283, 17),
(283, 19),
(283, 22),
(283, 23),
(283, 57),
(283, 59),
(284, 2),
(284, 3),
(284, 4),
(284, 5),
(284, 8),
(284, 12),
(284, 14),
(284, 15),
(284, 16),
(284, 19),
(284, 20),
(284, 22),
(284, 26),
(284, 28),
(284, 29),
(284, 32),
(284, 33),
(284, 35),
(284, 39),
(284, 41),
(284, 44),
(284, 45),
(284, 46),
(284, 47),
(284, 48),
(284, 50),
(284, 51),
(284, 52),
(284, 53),
(284, 56),
(284, 57),
(284, 58),
(285, 2),
(285, 4),
(285, 8),
(285, 11),
(285, 12),
(285, 13),
(285, 14),
(285, 15),
(285, 18),
(285, 21),
(285, 25),
(285, 28),
(285, 30),
(285, 34),
(285, 36),
(285, 38),
(285, 39),
(285, 45),
(285, 46),
(285, 51),
(285, 52),
(285, 55),
(285, 57),
(285, 58),
(287, 0),
(287, 3),
(287, 8),
(287, 13),
(287, 15),
(287, 16),
(287, 17),
(287, 37),
(287, 39),
(287, 45),
(287, 46),
(287, 52),
(287, 56),
(287, 57),
(289, 0),
(289, 1),
(289, 2),
(289, 3),
(289, 4),
(289, 7),
(289, 8),
(289, 9),
(289, 10),
(289, 11),
(289, 13),
(289, 14),
(289, 15),
(289, 16),
(289, 17),
(289, 18),
(289, 20),
(289, 22),
(289, 24),
(289, 25),
(289, 26),
(289, 28),
(289, 29),
(289, 31),
(289, 33),
(289, 35),
(289, 36),
(289, 37),
(289, 38),
(289, 39),
(289, 41),
(289, 43),
(289, 44),
(289, 45),
(289, 46),
(289, 47),
(289, 49),
(289, 50),
(289, 51),
(289, 52),
(289, 53),
(289, 54),
(289, 56),
(289, 57),
(289, 58),
(289, 59),
(290, 2),
(290, 5),
(290, 8),
(290, 9),
(290, 13),
(290, 14),
(290, 19),
(290, 24),
(290, 30),
(290, 32),
(290, 35),
(290, 38),
(290, 41),
(290, 43),
(290, 44),
(290, 55),
(290, 56),
(290, 59),
(291, 2),
(291, 8),
(291, 17),
(291, 25),
(291, 27),
(291, 35),
(291, 41),
(291, 44),
(291, 47),
(291, 51),
(291, 56),
(292, 0),
(292, 1),
(292, 2),
(292, 3),
(292, 5),
(292, 8),
(292, 13),
(292, 14),
(292, 15),
(292, 19),
(292, 21),
(292, 22),
(292, 25),
(292, 28),
(292, 31),
(292, 32),
(292, 36),
(292, 39),
(292, 43),
(292, 45),
(292, 46),
(292, 47),
(292, 51),
(292, 52),
(292, 54),
(292, 57),
(293, 0),
(293, 2),
(293, 4),
(293, 8),
(293, 12),
(293, 13),
(293, 14),
(293, 15),
(293, 17),
(293, 18),
(293, 20),
(293, 22),
(293, 25),
(293, 26),
(293, 27),
(293, 28),
(293, 29),
(293, 30),
(293, 32),
(293, 34),
(293, 37),
(293, 38),
(293, 39),
(293, 40),
(293, 42),
(293, 43),
(293, 47),
(293, 51),
(293, 52),
(293, 56),
(293, 57),
(294, 0),
(294, 1),
(294, 2),
(294, 3),
(294, 5),
(294, 6),
(294, 7),
(294, 8),
(294, 9),
(294, 10),
(294, 11),
(294, 12),
(294, 13),
(294, 14),
(294, 15),
(294, 16),
(294, 17),
(294, 18),
(294, 20),
(294, 21),
(294, 22),
(294, 24),
(294, 25),
(294, 26),
(294, 27),
(294, 28),
(294, 29),
(294, 30),
(294, 31),
(294, 32),
(294, 33),
(294, 35),
(294, 37),
(294, 38),
(294, 39),
(294, 40),
(294, 41),
(294, 42),
(294, 43),
(294, 44),
(294, 45),
(294, 46),
(294, 47),
(294, 49),
(294, 50),
(294, 51),
(294, 52),
(294, 53),
(294, 54),
(294, 56),
(294, 57),
(294, 59),
(295, 0),
(295, 1),
(295, 2),
(295, 3),
(295, 4),
(295, 5),
(295, 6),
(295, 7),
(295, 8),
(295, 9),
(295, 10),
(295, 11),
(295, 12),
(295, 13),
(295, 14),
(295, 15),
(295, 16),
(295, 17),
(295, 18),
(295, 19),
(295, 20),
(295, 21),
(295, 22),
(295, 23),
(295, 24),
(295, 25),
(295, 26),
(295, 27),
(295, 28),
(295, 29),
(295, 30),
(295, 31),
(295, 32),
(295, 33),
(295, 34),
(295, 35),
(295, 36),
(295, 37),
(295, 38),
(295, 39),
(295, 40),
(295, 41),
(295, 42),
(295, 43),
(295, 44),
(295, 45),
(295, 46),
(295, 47),
(295, 48),
(295, 49),
(295, 50),
(295, 51),
(295, 52),
(295, 53),
(295, 54),
(295, 55),
(295, 56),
(295, 57),
(295, 58),
(295, 59),
(296, 0),
(296, 3),
(296, 7),
(296, 9),
(296, 11),
(296, 12),
(296, 13),
(296, 14),
(296, 17),
(296, 18),
(296, 21),
(296, 24),
(296, 25),
(296, 28),
(296, 29),
(296, 30),
(296, 31),
(296, 32),
(296, 34),
(296, 35),
(296, 36),
(296, 37),
(296, 38),
(296, 39),
(296, 41),
(296, 42),
(296, 43),
(296, 44),
(296, 45),
(296, 47),
(296, 48),
(296, 49),
(296, 51),
(296, 52),
(296, 53),
(296, 54),
(296, 56),
(296, 57),
(296, 59),
(297, 1),
(297, 2),
(297, 3),
(297, 8),
(297, 13),
(297, 14),
(297, 15),
(297, 19),
(297, 21),
(297, 24),
(297, 25),
(297, 30),
(297, 31),
(297, 37),
(297, 39),
(297, 40),
(297, 41),
(297, 44),
(297, 46),
(297, 51),
(297, 52),
(297, 59),
(299, 8),
(299, 9),
(299, 13),
(299, 14),
(299, 18),
(299, 19),
(299, 21),
(299, 22),
(299, 25),
(299, 26),
(299, 31),
(299, 32),
(299, 37),
(299, 38),
(299, 44),
(299, 45),
(299, 51),
(299, 52),
(299, 54),
(299, 59),
(300, 0),
(300, 1),
(300, 7),
(300, 8),
(300, 13),
(300, 14),
(300, 15),
(300, 19),
(300, 21),
(300, 25),
(300, 26),
(300, 28),
(300, 31),
(300, 32),
(300, 37),
(300, 38),
(300, 40),
(300, 44),
(300, 45),
(300, 51),
(300, 52),
(300, 54),
(301, 0),
(301, 2),
(301, 3),
(301, 6),
(301, 7),
(301, 8),
(301, 9),
(301, 13),
(301, 14),
(301, 18),
(301, 19),
(301, 21),
(301, 23),
(301, 24),
(301, 25),
(301, 28),
(301, 29),
(301, 32),
(301, 36),
(301, 37),
(301, 38),
(301, 39),
(301, 41),
(301, 42),
(301, 43),
(301, 44),
(301, 46),
(301, 48),
(301, 49),
(301, 51),
(301, 52),
(302, 1),
(302, 2),
(302, 3),
(302, 4),
(302, 7),
(302, 9),
(302, 11),
(302, 14),
(302, 16),
(302, 20),
(302, 24),
(302, 26),
(302, 27),
(302, 30),
(302, 32),
(302, 37),
(302, 42),
(302, 51),
(302, 55),
(302, 56),
(302, 57),
(303, 5),
(303, 6),
(303, 11),
(303, 13),
(303, 16),
(303, 17),
(303, 18),
(303, 19),
(303, 25),
(303, 28),
(303, 30),
(303, 34),
(303, 35),
(303, 37),
(303, 40),
(303, 44),
(303, 46),
(303, 47),
(303, 52),
(303, 53),
(303, 54),
(303, 57),
(304, 1),
(304, 3),
(304, 6),
(304, 7),
(304, 8),
(304, 9),
(304, 10),
(304, 15),
(304, 16),
(304, 20),
(304, 21),
(304, 24),
(304, 28),
(304, 34),
(304, 38),
(304, 45),
(304, 51),
(304, 52),
(304, 54),
(304, 55),
(304, 59),
(305, 1),
(305, 3),
(305, 4),
(305, 5),
(305, 13),
(305, 14),
(305, 15),
(305, 17),
(305, 21),
(305, 25),
(305, 32),
(305, 33),
(305, 37),
(305, 44),
(305, 47),
(305, 52),
(305, 57),
(305, 59),
(306, 0),
(306, 1),
(306, 2),
(306, 4),
(306, 7),
(306, 8),
(306, 14),
(306, 15),
(306, 16),
(306, 17),
(306, 18),
(306, 19),
(306, 20),
(306, 21),
(306, 22),
(307, 53),
(308, 9),
(308, 10),
(308, 11),
(308, 13),
(308, 14),
(308, 57),
(308, 58),
(309, 0),
(309, 1),
(309, 2),
(309, 5),
(309, 6),
(309, 8),
(309, 9),
(309, 11),
(309, 15),
(309, 17),
(309, 18),
(309, 19),
(309, 20),
(309, 21),
(309, 22),
(309, 23),
(309, 24),
(309, 25),
(309, 26),
(309, 27),
(309, 28),
(309, 31),
(309, 32),
(309, 33),
(309, 34),
(309, 36),
(309, 38),
(309, 40),
(309, 41),
(309, 44),
(309, 45),
(309, 46),
(309, 47),
(309, 49),
(309, 50),
(309, 51),
(309, 53),
(309, 54),
(309, 55),
(309, 56),
(309, 58),
(309, 59),
(310, 0),
(310, 1),
(310, 3),
(310, 6),
(310, 7),
(310, 8),
(310, 9),
(310, 10),
(310, 11),
(310, 14),
(310, 15),
(310, 18),
(310, 19),
(310, 22),
(310, 25),
(310, 26),
(310, 27),
(310, 28),
(310, 32),
(310, 33),
(310, 34),
(310, 36),
(310, 37),
(310, 38),
(310, 39),
(310, 40),
(310, 41),
(310, 43),
(310, 44),
(310, 45),
(310, 46),
(310, 47),
(310, 48),
(310, 49),
(310, 50),
(310, 51),
(310, 52),
(310, 53),
(310, 54),
(310, 57),
(310, 58),
(310, 59),
(311, 0),
(311, 1),
(311, 5),
(311, 6),
(311, 7),
(311, 11),
(311, 13),
(311, 14),
(311, 18),
(311, 19),
(311, 21),
(311, 22),
(311, 24),
(311, 25),
(311, 27),
(311, 32),
(311, 34),
(311, 35),
(311, 36),
(311, 37),
(311, 39),
(311, 40),
(311, 43),
(311, 44),
(311, 46),
(311, 48),
(311, 49),
(311, 52),
(311, 53),
(311, 57),
(312, 3),
(312, 4),
(312, 5),
(312, 8),
(312, 9),
(312, 10),
(312, 12),
(312, 13),
(312, 14),
(312, 15),
(312, 17),
(312, 20),
(312, 21),
(312, 22),
(312, 25),
(312, 26),
(312, 27),
(312, 28),
(312, 32),
(312, 33),
(312, 34),
(312, 36),
(312, 37),
(312, 38),
(312, 39),
(312, 40),
(312, 41),
(312, 44),
(312, 45),
(312, 46),
(312, 47),
(312, 49),
(312, 51),
(312, 52),
(312, 53),
(312, 54),
(312, 55),
(312, 56),
(312, 57),
(312, 59),
(313, 0),
(313, 2),
(313, 3),
(313, 4),
(313, 6),
(313, 12),
(313, 13),
(313, 17),
(313, 19),
(313, 56),
(314, 0),
(314, 2),
(314, 3),
(314, 4),
(314, 6),
(314, 8),
(314, 9),
(314, 10),
(314, 12),
(314, 13),
(314, 14),
(314, 15),
(314, 19),
(314, 20),
(314, 21),
(314, 22),
(314, 26),
(314, 27),
(314, 28),
(314, 32),
(314, 33),
(314, 34),
(314, 37),
(314, 38),
(314, 40),
(314, 41),
(314, 42),
(314, 43),
(314, 44),
(314, 51),
(314, 54),
(314, 56),
(314, 57),
(314, 58),
(314, 59),
(315, 2),
(315, 4),
(315, 5),
(315, 6),
(315, 8),
(315, 11),
(315, 13),
(315, 14),
(315, 15),
(315, 20),
(315, 24),
(315, 25),
(315, 26),
(315, 32),
(315, 33),
(315, 36),
(315, 42),
(315, 44),
(315, 45),
(315, 46),
(315, 47),
(315, 48),
(315, 50),
(315, 52),
(315, 54),
(315, 55),
(315, 56),
(315, 57),
(315, 58),
(315, 59),
(316, 2),
(316, 3),
(316, 4),
(316, 6),
(316, 8),
(316, 9),
(316, 10),
(316, 12),
(316, 13),
(316, 14),
(316, 15),
(316, 17),
(316, 18),
(316, 19),
(316, 20),
(316, 21),
(316, 22),
(316, 24),
(316, 26),
(316, 27),
(316, 28),
(316, 32),
(316, 33),
(316, 34),
(316, 37),
(316, 38),
(316, 39),
(316, 40),
(316, 41),
(316, 42),
(316, 43),
(316, 44),
(316, 50),
(316, 51),
(316, 52),
(316, 54),
(316, 55),
(316, 56),
(316, 57),
(316, 58),
(316, 59),
(317, 2),
(317, 8),
(317, 9),
(317, 17),
(317, 19),
(317, 21),
(317, 25),
(317, 26),
(317, 33),
(317, 35),
(317, 37),
(317, 38),
(317, 39),
(317, 40),
(317, 41),
(317, 44),
(317, 45),
(317, 51),
(317, 52),
(317, 53),
(317, 56),
(318, 4),
(318, 5),
(318, 6),
(318, 7),
(318, 11),
(318, 13),
(318, 14),
(318, 17),
(318, 18),
(318, 19),
(318, 22),
(318, 23),
(318, 24),
(318, 25),
(318, 27),
(318, 28),
(318, 30),
(318, 32),
(318, 33),
(318, 34),
(318, 35),
(318, 36),
(318, 37),
(318, 42),
(318, 45),
(318, 46),
(318, 47),
(318, 49),
(318, 50),
(318, 51),
(318, 52),
(318, 53),
(318, 54),
(318, 56),
(318, 57),
(318, 59),
(319, 1),
(319, 4),
(319, 6),
(319, 7),
(319, 8),
(319, 11),
(319, 13),
(319, 14),
(319, 15),
(319, 18),
(319, 19),
(319, 20),
(319, 21),
(319, 24),
(319, 25),
(319, 26),
(319, 28),
(319, 32),
(319, 34),
(319, 36),
(319, 37),
(319, 38),
(319, 39),
(319, 40),
(319, 41),
(319, 42),
(319, 44),
(319, 48),
(319, 49),
(319, 51),
(319, 52),
(319, 53),
(319, 54),
(319, 56),
(319, 57),
(319, 59),
(320, 2),
(320, 6),
(320, 8),
(320, 9),
(320, 14),
(320, 15),
(320, 17),
(320, 19),
(320, 21),
(320, 25),
(320, 26),
(320, 33),
(320, 35),
(320, 37),
(320, 38),
(320, 39),
(320, 40),
(320, 41),
(320, 43),
(320, 44),
(320, 45),
(320, 47),
(320, 51),
(320, 52),
(320, 53),
(320, 56),
(320, 58),
(321, 0),
(321, 1),
(321, 5),
(321, 6),
(321, 7),
(321, 8),
(321, 9),
(321, 12),
(321, 13),
(321, 14),
(321, 15),
(321, 16),
(321, 17),
(321, 18),
(321, 19),
(321, 22),
(321, 23),
(321, 25),
(321, 26),
(321, 28),
(321, 30),
(321, 31),
(321, 32),
(321, 34),
(321, 36),
(321, 40),
(321, 41),
(321, 43),
(321, 44),
(321, 46),
(321, 47),
(321, 50),
(321, 51),
(321, 52),
(321, 54),
(321, 56),
(321, 57),
(321, 58),
(321, 59),
(322, 0),
(322, 2),
(322, 4),
(322, 5),
(322, 8),
(322, 11),
(322, 12),
(322, 13),
(322, 14),
(322, 15),
(322, 16),
(322, 17),
(322, 18),
(322, 20),
(322, 23),
(322, 24),
(322, 25),
(322, 26),
(322, 32),
(322, 33),
(322, 34),
(322, 35),
(322, 36),
(322, 38),
(322, 41),
(322, 42),
(322, 43),
(322, 44),
(322, 45),
(322, 46),
(322, 47),
(322, 50),
(322, 51),
(322, 52),
(322, 53),
(322, 55),
(322, 56),
(322, 57),
(322, 58),
(323, 0),
(323, 1),
(323, 6),
(323, 10),
(323, 12),
(323, 13),
(323, 14),
(323, 15),
(323, 16),
(323, 18),
(323, 19),
(323, 24),
(323, 25),
(323, 26),
(323, 27),
(323, 31),
(323, 34),
(323, 35),
(323, 36),
(323, 40),
(323, 42),
(323, 43),
(323, 45),
(323, 46),
(323, 48),
(323, 50),
(323, 52),
(323, 54),
(323, 55),
(323, 59),
(325, 0),
(325, 2),
(325, 6),
(325, 8),
(325, 10),
(325, 13),
(325, 14),
(325, 18),
(325, 19),
(325, 20),
(325, 22),
(325, 24),
(325, 25),
(325, 28),
(325, 30),
(325, 32),
(325, 33),
(325, 37),
(325, 40),
(325, 41),
(325, 42),
(325, 43),
(325, 44),
(325, 45),
(325, 47),
(325, 50),
(325, 52),
(325, 54),
(325, 56),
(325, 57),
(325, 58),
(325, 59),
(326, 0),
(326, 6),
(326, 12),
(326, 14),
(326, 15),
(327, 3),
(327, 7),
(327, 14),
(327, 20),
(327, 21),
(327, 22),
(327, 23),
(327, 25),
(327, 29),
(327, 32),
(327, 33),
(327, 34),
(327, 35),
(327, 36),
(327, 38),
(327, 39),
(327, 40),
(327, 41),
(327, 42),
(327, 43),
(327, 44),
(327, 45),
(327, 46),
(327, 49),
(327, 51),
(327, 52),
(327, 53),
(327, 55),
(327, 56),
(327, 57),
(327, 59),
(328, 0),
(328, 5),
(328, 9),
(328, 10),
(328, 13),
(328, 14),
(328, 17),
(328, 18),
(328, 25),
(328, 28),
(328, 32),
(328, 34),
(328, 35),
(328, 37),
(328, 39),
(328, 44),
(328, 45),
(328, 46),
(328, 47),
(328, 52),
(328, 56),
(328, 57),
(329, 2),
(329, 3),
(329, 7),
(329, 8),
(329, 13),
(329, 21),
(329, 22),
(329, 26),
(329, 28),
(329, 29),
(329, 30),
(329, 33),
(329, 37),
(329, 38),
(329, 40),
(329, 44),
(329, 45),
(329, 46),
(329, 52),
(329, 54),
(329, 57),
(329, 58),
(330, 0),
(330, 2),
(330, 9),
(330, 11),
(330, 14),
(330, 15),
(330, 18),
(330, 24),
(330, 25),
(330, 27),
(330, 28),
(330, 33),
(330, 34),
(330, 38),
(330, 40),
(330, 44),
(330, 46),
(330, 51),
(330, 52),
(330, 56),
(330, 59),
(331, 0),
(331, 2),
(331, 3),
(331, 5),
(331, 8),
(331, 9),
(331, 10),
(331, 14),
(331, 15),
(331, 17),
(331, 18),
(331, 22),
(331, 27),
(331, 34),
(331, 37),
(331, 38),
(331, 39),
(331, 40),
(331, 41),
(331, 43),
(331, 44),
(331, 45),
(331, 47),
(331, 48),
(331, 49),
(331, 51),
(331, 52),
(331, 53),
(331, 54),
(331, 56),
(331, 57),
(331, 58),
(331, 59),
(332, 0),
(332, 2),
(332, 3),
(332, 8),
(332, 9),
(332, 13),
(332, 17),
(332, 18),
(332, 19),
(332, 20),
(332, 22),
(332, 25),
(332, 27),
(332, 28),
(332, 29),
(332, 32),
(332, 34),
(332, 38),
(332, 40),
(332, 42),
(332, 44),
(332, 46),
(332, 49),
(332, 52),
(332, 54),
(332, 56),
(332, 57),
(332, 59),
(333, 0),
(333, 2),
(333, 4),
(333, 8),
(333, 9),
(333, 11),
(333, 14),
(333, 18),
(333, 19),
(333, 20),
(333, 21),
(333, 25),
(333, 26),
(333, 28),
(333, 32),
(333, 34),
(333, 35),
(333, 37),
(333, 38),
(333, 40),
(333, 41),
(333, 43),
(333, 44),
(333, 46),
(333, 47),
(333, 49),
(333, 51),
(333, 52),
(333, 53),
(333, 54),
(333, 55),
(333, 56),
(334, 0),
(334, 2),
(334, 3),
(334, 4),
(334, 6),
(334, 7),
(334, 8),
(334, 9),
(334, 14),
(334, 15),
(334, 16),
(334, 17),
(334, 18),
(334, 20),
(334, 21),
(334, 22),
(334, 25),
(334, 26),
(334, 28),
(334, 29),
(334, 32),
(334, 35),
(334, 36),
(334, 37),
(334, 38),
(334, 39),
(334, 41),
(334, 42),
(334, 43),
(334, 44),
(334, 45),
(334, 47),
(334, 48),
(334, 50),
(334, 51),
(334, 52),
(334, 53),
(334, 54),
(334, 56),
(334, 57),
(334, 58),
(334, 59),
(335, 0),
(335, 1),
(335, 3),
(335, 5),
(335, 6),
(335, 8),
(335, 11),
(335, 12),
(335, 13),
(335, 14),
(335, 17),
(335, 18),
(335, 19),
(335, 20),
(335, 22),
(335, 23),
(335, 24),
(335, 25),
(335, 32),
(335, 35),
(335, 36),
(335, 37),
(335, 39),
(335, 41),
(335, 42),
(335, 43),
(335, 44),
(335, 45),
(335, 46),
(335, 47),
(335, 50),
(335, 51),
(335, 53),
(335, 54),
(335, 55),
(335, 56),
(335, 57),
(336, 0),
(336, 1),
(336, 2),
(336, 3),
(336, 4),
(336, 5),
(336, 7),
(336, 8),
(336, 11),
(336, 13),
(336, 14),
(336, 15),
(336, 18),
(336, 22),
(336, 23),
(336, 24),
(336, 25),
(336, 27),
(336, 31),
(336, 32),
(336, 34),
(336, 35),
(336, 36),
(336, 38),
(336, 39),
(336, 40),
(336, 42),
(336, 44),
(336, 46),
(336, 47),
(336, 50),
(336, 52),
(336, 53),
(336, 54),
(336, 56),
(336, 57),
(336, 58),
(336, 59),
(338, 12),
(338, 17),
(338, 22),
(338, 26),
(338, 31),
(338, 44),
(338, 48),
(338, 52),
(338, 57),
(338, 59),
(339, 22),
(339, 28),
(339, 34),
(339, 37),
(340, 41),
(340, 45),
(341, 1),
(341, 4),
(341, 5),
(341, 7),
(341, 10),
(341, 11),
(341, 16),
(341, 21),
(341, 24),
(341, 25),
(341, 28),
(341, 31),
(341, 34),
(341, 37),
(341, 38),
(341, 39),
(341, 40),
(341, 44),
(341, 46),
(341, 47),
(341, 48),
(341, 49),
(341, 52),
(341, 57),
(342, 2),
(342, 4),
(342, 5),
(342, 6),
(342, 8),
(342, 11),
(342, 12),
(342, 15),
(342, 17),
(342, 18),
(342, 23),
(342, 24),
(342, 26),
(342, 27),
(342, 29),
(342, 33),
(342, 34),
(342, 35),
(342, 38),
(342, 39),
(342, 41),
(342, 44),
(342, 47),
(342, 51),
(342, 53),
(342, 54),
(342, 56),
(343, 5),
(343, 11),
(343, 12),
(343, 14),
(343, 16),
(343, 17),
(343, 18),
(343, 19),
(343, 20),
(343, 22),
(343, 25),
(343, 26),
(343, 31),
(343, 34),
(343, 35),
(343, 38),
(343, 40),
(343, 44),
(343, 46),
(343, 50),
(343, 52),
(343, 58),
(343, 59),
(344, 2),
(344, 4),
(344, 6),
(344, 7),
(344, 8),
(344, 15),
(344, 17),
(344, 20),
(344, 23),
(344, 50),
(344, 51),
(344, 52),
(344, 55),
(344, 56),
(344, 57),
(345, 0),
(345, 1),
(345, 5),
(345, 6),
(345, 7),
(345, 8),
(345, 11),
(345, 12),
(345, 13),
(345, 14),
(345, 15),
(345, 16),
(345, 18),
(345, 19),
(345, 22),
(345, 24),
(345, 25),
(345, 27),
(345, 29),
(345, 31),
(345, 32),
(345, 36),
(345, 37),
(345, 39),
(345, 42),
(345, 43),
(345, 45),
(345, 46),
(345, 48),
(345, 49),
(345, 50),
(345, 51),
(345, 52),
(345, 54),
(345, 55),
(345, 57),
(346, 0),
(346, 4),
(346, 7),
(346, 8),
(346, 14),
(346, 15),
(346, 20),
(346, 25),
(346, 26),
(346, 27),
(346, 28),
(346, 29),
(346, 31),
(346, 32),
(346, 34),
(346, 37),
(346, 39),
(346, 40),
(346, 41),
(346, 43),
(346, 44),
(346, 46),
(346, 49),
(346, 50),
(346, 51),
(346, 52),
(346, 54),
(346, 55),
(346, 57),
(346, 59),
(347, 2),
(347, 3),
(347, 4),
(347, 5),
(347, 6),
(347, 8),
(347, 9),
(347, 11),
(347, 13),
(347, 14),
(347, 15),
(347, 16),
(347, 18),
(347, 20),
(347, 21),
(347, 22),
(347, 23),
(347, 25),
(347, 26),
(347, 27),
(347, 28),
(347, 29),
(347, 32),
(347, 33),
(347, 34),
(347, 36),
(347, 37),
(347, 38),
(347, 39),
(347, 40),
(347, 41),
(347, 42),
(347, 44),
(347, 45),
(347, 46),
(347, 48),
(347, 49),
(347, 51),
(347, 52),
(347, 54),
(347, 56),
(347, 57),
(347, 58),
(348, 0),
(348, 2),
(348, 4),
(348, 5),
(348, 8),
(348, 13),
(348, 14),
(348, 17),
(348, 19),
(348, 20),
(348, 21),
(348, 22),
(348, 23),
(348, 24),
(348, 28),
(348, 32),
(348, 33),
(348, 35),
(348, 36),
(348, 37),
(348, 38),
(348, 40),
(348, 41),
(348, 42),
(348, 44),
(348, 45),
(348, 46),
(348, 47),
(348, 50),
(348, 51),
(348, 52),
(348, 53),
(348, 54),
(348, 55),
(348, 56),
(348, 58),
(348, 59),
(349, 1),
(349, 2),
(349, 3),
(349, 4),
(349, 8),
(349, 10),
(349, 12),
(349, 13),
(349, 14),
(349, 15),
(349, 18),
(349, 19),
(349, 21),
(349, 22),
(349, 24),
(349, 26),
(349, 32),
(349, 33),
(349, 34),
(349, 35),
(349, 37),
(349, 38),
(349, 40),
(349, 41),
(349, 43),
(349, 44),
(349, 46),
(349, 47),
(349, 49),
(349, 50),
(349, 51),
(349, 52),
(349, 54),
(349, 57),
(349, 59),
(351, 47),
(352, 2),
(352, 3),
(352, 4),
(352, 6),
(352, 8),
(352, 13),
(352, 14),
(352, 15),
(352, 16),
(352, 17),
(352, 19),
(352, 20),
(352, 21),
(352, 22),
(352, 25),
(352, 26),
(352, 27),
(352, 28),
(352, 29),
(352, 30),
(352, 31),
(352, 32),
(352, 34),
(352, 37),
(352, 38),
(352, 39),
(352, 40),
(352, 42),
(352, 43),
(352, 44),
(352, 45),
(352, 49),
(352, 51),
(352, 52),
(352, 53),
(352, 54),
(352, 56),
(352, 57),
(352, 58),
(352, 59),
(353, 0),
(353, 6),
(353, 8),
(353, 12),
(353, 13),
(353, 14),
(353, 16),
(353, 24),
(353, 25),
(353, 28),
(353, 30),
(353, 33),
(353, 34),
(353, 36),
(353, 41),
(353, 43),
(353, 44),
(353, 46),
(353, 51),
(353, 55),
(353, 57),
(353, 58),
(354, 1),
(354, 8),
(354, 10),
(354, 12),
(354, 19),
(354, 21),
(354, 25),
(354, 28),
(354, 30),
(354, 31),
(354, 32),
(354, 34),
(354, 37),
(354, 41),
(354, 43),
(354, 44),
(354, 45),
(354, 46),
(354, 48),
(354, 54),
(354, 57),
(354, 58),
(354, 59),
(356, 0),
(356, 1),
(356, 2),
(356, 3),
(356, 4),
(356, 6),
(356, 7),
(356, 8),
(356, 9),
(356, 10),
(356, 13),
(356, 14),
(356, 15),
(356, 16),
(356, 18),
(356, 20),
(356, 21),
(356, 22),
(356, 25),
(356, 26),
(356, 27),
(356, 28),
(356, 29),
(356, 30),
(356, 33),
(356, 34),
(356, 36),
(356, 37),
(356, 38),
(356, 39),
(356, 40),
(356, 41),
(356, 43),
(356, 44),
(356, 45),
(356, 49),
(356, 50),
(356, 51),
(356, 52),
(356, 56),
(356, 57),
(356, 58),
(357, 0),
(357, 5),
(357, 10),
(357, 12),
(357, 13),
(357, 14),
(357, 15),
(357, 19),
(357, 22),
(357, 23),
(357, 24),
(357, 27),
(357, 28),
(357, 29),
(357, 30),
(357, 36),
(357, 37),
(357, 42),
(357, 43),
(357, 44),
(357, 45),
(357, 47),
(357, 49),
(357, 52),
(357, 57),
(357, 58);

/*!40101 SET CHARACTER_SET_CLIENT=@OLD_CHARACTER_SET_CLIENT */;
/*!40101 SET CHARACTER_SET_RESULTS=@OLD_CHARACTER_SET_RESULTS */;
/*!40101 SET COLLATION_CONNECTION=@OLD_COLLATION_CONNECTION */;
